symbol,name,company_id
A1CAP,A1 CAPİTAL YATIRIM MENKUL DEĞERLER A.Ş.,4028e4a1416e696301416f37201c5f2e
A1YEN,A1 YENİLENEBİLİR ENERJİ ÜRETİM A.Ş.,8acae2c5794d3d66017a62a693be689d
ACP,A1 CAPİTAL YATIRIM MENKUL DEĞERLER A.Ş.,4028e4a1416e696301416f37201c5f2e
ACSEL,ACISELSAN ACIPAYAM SELÜLOZ SANAYİ VE TİCARET A.Ş.,4028e4a2420327a4014209c55161144d
ADEL,ADEL KALEMCİLİK TİCARET VE SANAYİ A.Ş.,4028e4a240e8d16e0140e8f159dc0033
ADESE,ADESE GAYRİMENKUL YATIRIM A.Ş.,4028e4a140f2ed720141164431b905a5
ADGYO,ADRA GAYRİMENKUL YATIRIM ORTAKLIĞI A.Ş.,8acae2c586d22c53018a737800f804ae
ADLVY,ADİL VARLIK YÖNETİM A.Ş.,8acae2c4998f24d80199e1a75ec6473e
AEFES,ANADOLU EFES BİRACILIK VE MALT SANAYİİ A.Ş.,4028e4a140e95bea0140ed2fde10009d
AFB,AKTİF YATIRIM BANKASI A.Ş.,1DE05DAA8212073AE0530A4A622A2EBD
AFYON,AFYON ÇİMENTO SANAYİ T.A.Ş.,4028e4a24158e42401415af83d607fd3
AGESA,AGESA HAYAT VE EMEKLİLİK A.Ş.,4028e4a140e95bea0140edeb7a54015d
AGHOL,AG ANADOLU GRUBU HOLDİNG A.Ş.,4028e4a240f2ef4c014101b18dc000f7
AGROT,AGROTECH YÜKSEK TEKNOLOJİ VE YATIRIM A.Ş.,8acae2c48b2fa259018bb9e449415e84
AGYO,ATAKULE GAYRİMENKUL YATIRIM ORTAKLIĞI A.Ş.,4028e4a240f2ef4c0141164a06d8043a
AHGAZ,AHLATCI DOĞAL GAZ DAĞITIM ENERJİ VE YATIRIM A.Ş.,4028e4a14203278a0142095715f914d0
AHSGY,AHES GAYRİMENKUL YATIRIM ORTAKLIĞI A.Ş.,8acae2c59145e00a01915a44a01d1179
AKBNK,AKBANK T.A.Ş.,4028e4a240e8d1830140e905edcd0006
AKCKM,AKÇA KİMYEVİ MADDELER NAKLİYAT TİCARET VE SANAYİ A.Ş.,8acae2c562329bd10163017c6c706bdd
AKCNS,AKÇANSA ÇİMENTO SANAYİ VE TİCARET A.Ş.,4028e4a140e8cfa00140e92b0c380016
AKCVR,AKADEMİ ÇEVRE ENTEGRE ATIK YÖNETİMİ ENDÜSTRİ A.Ş.,8acae2c4991b8c31019928545a1100fe
AKDFA,AKDENİZ FAKTORİNG A.Ş.,4028e4a1415f4d990141601150cc3212
AKENR,AKENERJİ ELEKTRİK ÜRETİM A.Ş.,4028e4a14184e9cf01419bffce0b5a69
AKFGY,AKFEN GAYRİMENKUL YATIRIM ORTAKLIĞI A.Ş.,4028e4a141733b56014183c1c6ed426e
AKFIS,AKFEN İNŞAAT TURİZM VE TİCARET A.Ş.,8acae2c59145e00a0192aedf5db86688
AKFK,AK FİNANSAL KİRALAMA A.Ş.,4028e4a240e8d16e0140e8f31069003f
AKFYE,AKFEN YENİLENEBİLİR ENERJİ A.Ş.,8acae2c48304fe9e0186a66e7a9568ea
AKGRT,AKSİGORTA A.Ş.,4028e4a140e95be70140ed12e1f4002c
AKHAN,AKHAN UN FABRİKASI VE TARIM ÜRÜNLERİ GIDA SANAYİ TİCARET A.Ş.,8acae2c49b85f8ce019beef9720d5cc5
AKM,AK YATIRIM MENKUL DEĞERLER A.Ş.,4028e4a240e8d16e0140e8f3d0fe0047
AKMEN,AK YATIRIM MENKUL DEĞERLER A.Ş.,4028e4a240e8d16e0140e8f3d0fe0047
AKMGY,AKMERKEZ GAYRİMENKUL YATIRIM ORTAKLIĞI A.Ş.,4028e4a240e95dc30140ecc218b30032
AKSA,AKSA AKRİLİK KİMYA SANAYİİ A.Ş.,4028e4a240f2ef470141175e189f0453
AKSEN,AKSA ENERJİ ÜRETİM A.Ş.,4028e4a241733d42014179341a147ddb
AKSFA,AK FAKTORİNG A.Ş.,4028e4a240e8d16e0140e8f24bd3003b
AKSGY,AKİŞ GAYRİMENKUL YATIRIM ORTAKLIĞI A.Ş.,4028e4a14158e41f01415a865c0e4d13
AKSUE,AKSU ENERJİ VE TİCARET A.Ş.,4028e4a140f2ed7201413a20480e0851
AKTIF,AKTİF YATIRIM BANKASI A.Ş.,1DE05DAA8212073AE0530A4A622A2EBD
AKTVK,AKTİF BANK SUKUK VARLIK KİRALAMA A.Ş.,4028e4a14371e097014371f9653d00c2
AKYHO,AKDENİZ YATIRIM HOLDİNG A.Ş.,4028e4a1415f4d9901416dc64bd161cb
ALARK,ALARKO HOLDİNG A.Ş.,4028e4a241462fd80141500c738e36be
ALBRK,ALBARAKA TÜRK KATILIM BANKASI A.Ş.,4028e4a240f2ef4c014106a1c5ef016d
ALCAR,ALARKO CARRIER SANAYİ VE TİCARET A.Ş.,4028e4a241558bd9014155e085e305fd
ALCTL,ALCATEL LUCENT TELETAŞ TELEKOMÜNİKASYON A.Ş.,4028e4a140f2ed71014110e38acb01b5
ALFAS,ALFA SOLAR ENERJİ SANAYİ VE TİCARET A.Ş.,8acae2c5830502c30183559e2336223e
ALGYO,ALARKO GAYRİMENKUL YATIRIM ORTAKLIĞI A.Ş.,4028e4a241462fd801415005df1c3612
ALJF,ALJ FİNANSMAN A.Ş.,4028e4a2422d9a6e01427b2bed8d5347
ALK,ALBARAKA TÜRK KATILIM BANKASI A.Ş.,4028e4a240f2ef4c014106a1c5ef016d
ALKA,ALKİM KAĞIT SANAYİ VE TİCARET A.Ş.,4028e4a2416e697d01416f39965a5eb5
ALKIM,ALKİM ALKALİ KİMYA A.Ş.,4028e4a140e95be70140ed147846003c
ALKLC,ALTINKILIÇ GIDA VE SÜT SANAYİ TİCARET A.Ş.,8acae2c48c3efac0018fabe7ce965048
ALNUS,ALNUS YATIRIM MENKUL DEĞERLER A.Ş.,4028e4a141da49e50141e085b2112b8a
ALTNY,ALTINAY SAVUNMA TEKNOLOJİLERİ A.Ş.,8acae2c58b2fa64e018f3d2d712476e2
ALVES,ALVES KABLO SANAYİ VE TİCARET A.Ş.,8acae2c58b2fa64e018dc0263b1377aa
ANC,ALNUS YATIRIM MENKUL DEĞERLER A.Ş.,4028e4a141da49e50141e085b2112b8a
ANELE,ANEL ELEKTRİK PROJE TAAHHÜT VE TİCARET A.Ş.,4028e4a1416e696301416ecd11a12b86
ANHYT,ANADOLU HAYAT EMEKLİLİK A.Ş.,4028e4a140e95be70140ed40cb930098
ANSGR,ANADOLU ANONİM TÜRK SİGORTA ŞİRKETİ,4028e4a140e95bea0140ed21b5c10078
ARASE,DOĞU ARAS ENERJİ YATIRIMLARI A.Ş.,8acae2c47afb298b017ccb97632144e5
ARCLK,ARÇELİK A.Ş.,4028e4a240e95dc90140ed55b43900cf
ARDYZ,ARD GRUP BİLİŞİM TEKNOLOJİLERİ A.Ş.,8acae2c46d7599a6016dde9d93aa2b52
ARENA,ARENA BİLGİSAYAR SANAYİ VE TİCARET A.Ş.,4028e4a140e95bea0140ed5af3a000da
ARFYE,ARF BİO YENİLENEBİLİR ENERJİ ÜRETİM A.Ş.,8acae2c4998f24d8019b3576c66b77ad
ARMGD,ARMADA GIDA TİCARET SANAYİ A.Ş.,8acae2c59145e00e0193f29ce775161c
ARSAN,ARSAN HOLDİNG A.Ş.,4028e4a14158e41f01415b1862696142
ARSVY,ARSAN VARLIK YÖNETİM A.Ş.,8acae2c569cee403016a8d2b85e8733f
ARTMS,ARTEMİS HALI A.Ş.,8acae2c48c3efac0018dd4c742665c88
ARZUM,ARZUM ELEKTRİKLİ EV ALETLERİ SANAYİ VE TİCARET A.Ş.,4028e4a1415f4d990141600875c531b9
ASELS,ASELSAN ELEKTRONİK SANAYİ VE TİCARET A.Ş.,4028e4a1413b7ef401413bc2251e0047
ASGYO,ASCE GAYRİMENKUL YATIRIM ORTAKLIĞI A.Ş.,8acae2c562329bd1016464c3796e08a0
ASTOR,ASTOR ENERJİ A.Ş.,8acae2c562329bd10164405fe6c17996
ASUZU,ANADOLU ISUZU OTOMOTİV SANAYİ VE TİCARET A.Ş.,4028e4a140e95be70140ed43c4fe00a9
ATA,ATA YATIRIM MENKUL KIYMETLER A.Ş.,4028e4a140e95bea0140ede507ca0145
ATAGY,ATA GAYRİMENKUL YATIRIM ORTAKLIĞI A.Ş.,4028e4a140e95bea0140eddf432a0115
ATAKP,ATAKEY PATATES GIDA SANAYİ VE TİCARET A.Ş.,8acae2c586d22c53018953500b004578
ATATP,ATP YAZILIM VE TEKNOLOJİ A.Ş.,8acae2c4794d364801798f781baf0fad
ATATR,ATA TURİZM İŞLETMECİLİK TAŞIMACILIK MADENCİLİK KUYUMCULUK SANAYİ VE DIŞ TİCARET A.Ş.,8acae2c59b85fa06019c31d76d8707fb
ATAVK,ATA VARLIK KİRALAMA A.Ş.,8acae2c494bafc93019634bf00163e28
ATAYM,ATA YATIRIM MENKUL KIYMETLER A.Ş.,4028e4a140e95bea0140ede507ca0145
ATEKS,AKIN TEKSTİL A.Ş.,4028e4a140f2ed7101412c13ba8303a8
ATLAS,ATLAS MENKUL KIYMETLER YATIRIM ORTAKLIĞI A.Ş.,4028e4a240f2ef4c0141029fff920169
ATLFA,ATILIM FAKTORİNG A.Ş.,4028e4a140f2ed7101413af757590466
ATSYH,ATLANTİS YATIRIM HOLDİNG A.Ş.,4028e4a241558bd9014155dde60a05e7
AVGYO,AVRASYA GAYRİMENKUL YATIRIM ORTAKLIĞI A.Ş.,4028e4a240f2ef4c0141029cf7680164
AVHOL,AVRUPA YATIRIM HOLDİNG A.Ş.,1DE05DAA81E9073AE0530A4A622A2EBD
AVOD,A.V.O.D. KURUTULMUŞ GIDA VE TARIM ÜRÜNLERİ SANAYİ TİCARET A.Ş.,4028e4a140f2ed72014107916fed023d
AVPGY,AVRUPAKENT GAYRİMENKUL YATIRIM ORTAKLIĞI A.Ş.,8acae2c48c3efabf018c4824da4a0623
AVTUR,AVRASYA PETROL VE TURİSTİK TESİSLER YATIRIMLAR A.Ş.,4028e4a241733d42014182b942a247e4
AYCES,ALTIN YUNUS ÇEŞME TURİSTİK TESİSLER A.Ş.,4028e4a240e95dc90140ed1bc88e0071
AYDEM,AYDEM YENİLENEBİLİR ENERJİ A.Ş.,8acae2c4782a4d580178b56e7c5c4404
AYEN,AYEN ENERJİ A.Ş.,4028e4a240e95dc90140edf072ef0165
AYES,AYES ÇELİK HASIR VE ÇİT SANAYİ A.Ş.,4028e4a1416f846101416f85f6730028
AYGAZ,AYGAZ A.Ş.,4028e4a140e95be70140ee03bd6000e0
AZTEK,AZTEK TEKNOLOJİ ÜRÜNLERİ TİCARET A.Ş.,8acae2c4819d0efe01826e96dd896e0e
BAGFS,BAGFAŞ BANDIRMA GÜBRE FABRİKALARI A.Ş.,4028e4a240f2ef4701410810f53601c4
BAHKM,BAHADIR KİMYA SANAYİ VE TİCARET A.Ş.,8acae2c48c3efabf0191137b972152e7
BAKAB,BAK AMBALAJ SANAYİ VE TİCARET A.Ş.,4028e4a1415f4d9b01415fdc75f12f64
BALAT,BALATACILAR BALATACILIK SANAYİ VE TİCARET A.Ş.,4028e4a1416e696501416ee5a3d939ad
BALSU,BALSU GIDA SANAYİ VE TİCARET A.Ş.,8acae2c580e9103101811f4715cc1821
BANVT,BANVİT BANDIRMA VİTAMİNLİ YEM SANAYİ A.Ş.,4028e4a1415f4d990141601902e33250
BARMA,BAREM AMBALAJ SANAYİ VE TİCARET A.Ş.,8acae2c47f7cb491017fb5f0afdf174a
BASCM,BAŞTAŞ BAŞKENT ÇİMENTO SANAYİ VE TİCARET A.Ş.,4028e4a140f2ed7201413a4092720892
BASGZ,BAŞKENT DOĞALGAZ DAĞITIM GAYRİMENKUL YATIRIM ORTAKLIĞI A.Ş.,4028e4a240f2ef4701413a3410a605ce
BAYRK,BAYRAK EBT TABAN SANAYİ VE TİCARET A.Ş.,8acae2c56faf888c0170a0e2d88d77c3
BEGYO,BATI EGE GAYRİMENKUL YATIRIM ORTAKLIĞI A.Ş.,8acae2c48b2fa25a018c01ae7c3973de
BERA,BERA HOLDİNG A.Ş.,4028e4a241733d42014174023cb0192b
BESLR,BESLER GIDA VE KİMYA SANAYİ VE TİCARET A.Ş.,4028e4a1416e696301416ec5743e289d
BESTE,BEST BRANDS GRUP ENERJİ YATIRIM A.Ş.,8acae2c49b85f8ce019c0d9c2cc26b56
BEYAZ,BEYAZ FİLO OTO KİRALAMA A.Ş.,4028e4a141558bdd01415619e62c0577
BFREN,BOSCH FREN SİSTEMLERİ SANAYİ VE TİCARET A.Ş.,4028e4a140e95bea0140ee30fb6001b9
BIENY,BİEN YAPI ÜRÜNLERİ SANAYİ TURİZM VE TİCARET A.Ş.,4028e4a24a5df6e7014ba1e60b464173
BIGCH,BÜYÜK ŞEFLER GIDA TURİZM TEKSTİL DANIŞMANLIK ORGANİZASYON EĞİTİM SANAYİ VE TİCARET A.Ş.,8acae2c486d22a3a0187c6822e7324e6
BIGEN,BİRLEŞİM GRUP ENERJİ YATIRIMLARI A.Ş.,8acae2c49145e00b01949842f70b1a46
BIGTK,BİG MEDYA TEKNOLOJİ A.Ş.,4028e4a240ee866c0140f2066a0400b8
BIMAS,BİM BİRLEŞİK MAĞAZALAR A.Ş.,4028e4a140e95be70140ee1b7b030119
BINBN,BİN ULAŞIM VE AKILLI ŞEHİR TEKNOLOJİLERİ A.Ş.,8acae2c49145e00b01922d34585110b6
BINHO,1000 YATIRIMLAR HOLDİNG A.Ş.,8acae2c48b2fa25a018bba0a5034596d
BIOEN,BİOTREND ÇEVRE VE ENERJİ YATIRIMLARI A.Ş.,8acae2c4780814e2017826e1e07318d8
BIZIM,BİZİM TOPTAN SATIŞ MAĞAZALARI A.Ş.,4028e4a1416e696301416ec4471d280d
BJKAS,BEŞİKTAŞ FUTBOL YATIRIMLARI SANAYİ VE TİCARET A.Ş.,4028e4a241a25fcb0141a276cda10189
BLCYT,BİLİCİ YATIRIM SANAYİ VE TİCARET A.Ş.,4028e4a2413b80d1014144caf7b90037
BLKOM,BİLKOM BİLİŞİM HİZMETLERİ A.Ş.,4028e4a14a5df521014b02a116c7424a
BLS,BULLS YATIRIM MENKUL DEĞERLER A.Ş.,4028e4a2415f4f8401415ffac5a034a9
BLSMD,BULLS YATIRIM MENKUL DEĞERLER A.Ş.,4028e4a2415f4f8401415ffac5a034a9
BLUME,BLUME METAL KİMYA A.Ş.,4028e4a240f2ef4c0140f2f8fdcd0002
BMSCH,BMS ÇELİK HASIR SANAYİ VE TİCARET A.Ş.,8acae2c56eccfc0c016f18f5b1e21747
BMSTL,BMS BİRLEŞİK METAL SANAYİ VE TİCARET A.Ş.,8acae2c47f7cb49201802bda6cbf6b77
BNTAS,BANTAŞ BANDIRMA AMBALAJ SANAYİ VE TİCARET A.Ş.,402821824da3aa9b014ef2c4cda22947
BOBET,BOĞAZİÇİ BETON SANAYİ VE TİCARET A.Ş.,8acae2c4782a4d560178d45481dc5948
BORLS,BORLEASE OTOMOTİV A.Ş.,8acae2c486d22a3a018b03b5cfbe29b8
BORSK,BOR ŞEKER A.Ş.,8acae2c58b2fa64e018d63bcd2684e71
BOSSA,BOSSA TİCARET VE SANAYİ İŞLETMELERİ T.A.Ş.,4028e4a1415f4d9b014160053ed13d39
BRGAN,BURGAN BANK A.Ş.,4028e4a140ee35c70140ee3e44840009
BRGFK,BURGAN FİNANSAL KİRALAMA A.Ş.,4028e4a241462fd8014155181e226ec8
BRISA,BRİSA BRİDGESTONE SABANCI LASTİK SANAYİ VE TİCARET A.Ş.,4028e4a140e95bea0140ee33bff201cd
BRKO,BİRKO BİRLEŞİK KOYUNLULULAR MENSUCAT TİCARET VE SANAYİ A.Ş.,4028e4a240e95dc90140ee21c40601aa
BRKSN,BERKOSAN YALITIM VE TECRİT MADDELERİ ÜRETİM VE TİCARET A.Ş.,4028e4a1413b7ef4014144cf3f7b0075
BRKT,BEREKET VARLIK KİRALAMA A.Ş.,8acae2c4508ff7260151497fffa30e9e
BRKVY,BİRİKİM VARLIK YÖNETİM A.Ş.,8acae2c562329bd10162b9ff7a6b53d6
BRLSM,BİRLEŞİM MÜHENDİSLİK ISITMA SOĞUTMA HAVALANDIRMA SANAYİ VE TİCARET A.Ş.,8acae2c4794d3648017aa01a43690c1f
BRMEN,BİRLİK MENSUCAT TİCARET VE SANAYİ İŞLETMESİ A.Ş.,4028e4a240e95dc90140ee243b5b01ba
BRSAN,BORUSAN BİRLEŞİK BORU FABRİKALARI SANAYİ VE TİCARET A.Ş.,4028e4a140f2ed7201412ac9ca5d06e6
BRYAT,BORUSAN YATIRIM VE PAZARLAMA A.Ş.,4028e4a1415f4d9b0141603cd3904103
BSOKE,BATISÖKE SÖKE ÇİMENTO SANAYİİ T.A.Ş.,4028e4a24158e42401415920fc3308c5
BSRFK,BAŞER FİNANS FAKTORİNG A.Ş.,4028e4a1416e696501416f7dd13c7b4b
BTCIM,BATIÇİM BATI ANADOLU ÇİMENTO SANAYİİ A.Ş.,4028e4a140e95be70140ee07044700eb
BUCIM,BURSA ÇİMENTO FABRİKASI A.Ş.,4028e4a140ee35c00140ee41a5e4000f
BULGS,BULLS GİRİŞİM SERMAYESİ YATIRIM ORTAKLIĞI A.Ş.,8acae2c47afb298b017ceaa8534b5036
BUR,BURGAN BANK A.Ş.,4028e4a140ee35c70140ee3e44840009
BURCE,BURÇELİK BURSA ÇELİK DÖKÜM SANAYİİ A.Ş.,4028e4a14158e41e01415b2636586ca7
BURVA,BURÇELİK VANA SANAYİ VE TİCARET A.Ş.,4028e4a14158e41e01415b2789266cb6
BVSAN,BÜLBÜLOĞLU VİNÇ SANAYİ VE TİCARET A.Ş.,8acae2c5830502c30185dea8694c5722
BYDNR,BAYDÖNER RESTORANLARI A.Ş.,8acae2c586d22c510189de64baa92725
CAGFA,ÇAĞDAŞ FAKTORİNG A.Ş.,4028e4a1486ec80a0148b0f695d4648d
CANTE,ÇAN2 TERMİK A.Ş.,8acae2c578080f31017811f4dca6032d
CASA,CASA EMTİA PETROL KİMYEVİ VE TÜREVLERİ SANAYİ VE TİCARET A.Ş.,4028e4a240f2ef4c01413acf8cda06cc
CATES,ÇATES ELEKTRİK ÜRETİM A.Ş.,8acae2c58b2fa64e018bfaefef6b6fcd
CCOLA,COCA-COLA İÇECEK A.Ş.,4028e4a140ee35c00140ee586bdd0034
CELHA,ÇELİK HALAT VE TEL SANAYİİ A.Ş.,4028e4a240f2ef4c0141164dd92d044c
CEMAS,ÇEMAŞ DÖKÜM SANAYİ A.Ş.,4028e4a140f2ed7201413b14392508fb
CEMTS,ÇEMTAŞ ÇELİK MAKİNA SANAYİ VE TİCARET A.Ş.,4028e4a140ee84900140f1f334ce0025
CEMZY,CEM ZEYTİN A.Ş.,8acae2c49145e00b01918463cdec27bb
CEOEM,CEO EVENT MEDYA A.Ş.,8acae2c469cee2a20169ed8afa9112ee
CGCAM,ÇAĞDAŞ CAM SANAYİ VE TİCARET A.Ş.,8acae2c59145e00e01939c2384406d96
CIMSA,ÇİMSA ÇİMENTO SANAYİ VE TİCARET A.Ş.,4028e4a240ee866c0140f1f64bdb0014
CLEBI,ÇELEBİ HAVA SERVİSİ A.Ş.,4028e4a140ee84900140f1f1584c0015
CLKMT,ÇELİK MOTOR TİCARET A.Ş.,4028e4a1415f4d9b01416002f6573cff
CMBTN,ÇİMBETON HAZIRBETON VE PREFABRİK YAPI ELEMANLARI SANAYİ VE TİCARET A.Ş.,4028e4a24158e42401415ad0dece7d3a
CMENT,ÇİMENTAŞ İZMİR ÇİMENTO FABRİKASI T.A.Ş.,4028e4a24158e42401415ad34c7f7db7
CONSE,CONSUS ENERJİ İŞLETMECİLİĞİ VE HİZMETLERİ A.Ş.,8acae2c57f7cbb48018007c3ad6154d4
COSMO,COSMOS YATIRIM HOLDİNG A.Ş.,4028e4a24158e42401415ada104f7e44
CRDFA,CREDITWEST FAKTORİNG A.Ş.,4028e4a141558bdd0141561c84700589
CRFSA,CARREFOURSA CARREFOUR SABANCI TİCARET MERKEZİ A.Ş.,4028e4a140ee35c00140ee56930f0024
CUSAN,ÇUHADAROĞLU METAL SANAYİ VE PAZARLAMA A.Ş.,8acae2c552495f6401529d6a45d10598
CVKMD,CVK MADEN İŞLETMELERİ SANAYİ VE TİCARET A.Ş.,8acae2c586d22c510187381ba299429a
CWENE,CW ENERJİ MÜHENDİSLİK TİCARET VE SANAYİ A.Ş.,8acae2c56faf888c016fd6c2036e0a5d
DAGI,DAGİ GİYİM SANAYİ VE TİCARET A.Ş.,4028e4a140f2ed7101411160c8c6020f
DAPGM,DAP GAYRİMENKUL GELİŞTİRME A.Ş.,8acae2c47d3bee4e017ea0492b6a0595
DARDL,DARDANEL ÖNENTAŞ GIDA SANAYİ A.Ş.,4028e4a144a0804e014521a6ca1c0705
DCTTR,DCT TRADİNG DIŞ TİCARET A.Ş.,8acae2c48c3efac00190dade5a963277
DENGE,DENGE YATIRIM HOLDİNG A.Ş.,4028e4a240ee866c0140f1f80b55002b
DERHL,DERLÜKS YATIRIM HOLDİNG A.Ş.,8acae2c469cee2a4016a5492160c43c3
DERIM,DERİMOD KONFEKSİYON AYAKKABI DERİ SANAYİ VE TİCARET A.Ş.,4028e4a140f2ed710141116818390237
DESA,DESA DERİ SANAYİ VE TİCARET A.Ş.,4028e4a240ee866c0140f1fe48fa0070
DESPC,DESPEC BİLGİSAYAR PAZARLAMA VE TİCARET A.Ş.,4028e4a2416e697d01416ea9d5741424
DEVA,DEVA HOLDİNG A.Ş.,4028e4a140f2ed710141116ab1d60241
DFKTR,DORUK FAKTORİNG A.Ş.,4028e4a141462dfe01414b0e029d286f
DGATE,DATAGATE BİLGİSAYAR MALZEMELERİ TİCARET A.Ş.,4028e4a2416e697d01416eabc02d14f8
DGGYO,DOĞUŞ GAYRİMENKUL YATIRIM ORTAKLIĞI A.Ş.,4028e4a140e8cfa00140e9497d32002f
DGNMO,DOĞANLAR MOBİLYA GRUBU İMALAT SANAYİ VE TİCARET A.Ş.,4028e4a240f27df70140f2eae68c0032
DGRVK,DEĞER VARLIK KİRALAMA A.Ş.,8acae2c575a1b5b60176707955d239ff
DIRIT,DİRİTEKS DİRİLİŞ TEKSTİL SANAYİ VE TİCARET A.Ş.,4028e4a24158e42201415afbaa14606c
DITAS,DİTAŞ DOĞAN YEDEK PARÇA İMALAT VE TEKNİK A.Ş.,4028e4a140f2ed710141179798bb02ed
DKVRL,DK VARLIK KİRALAMA A.Ş.,8acae2c5991b90af01992916f11d02c7
DMD,DESTEK YATIRIM MENKUL DEĞERLER A.Ş.,fb4e3f58d05d4f01a5f15679e90748e9
DMRGD,DMR UNLU MAMULLER ÜRETİM GIDA TOPTAN PERAKENDE İHRACAT A.Ş.,8acae2c486d22a3b018a97c880c913d6
DMSAS,DEMİSAŞ DÖKÜM EMAYE MAMÜLLERİ SANAYİ A.Ş.,4028e4a240f2ef4c0140f326817e0041
DNFIN,DENİZ FİNANSAL KİRALAMA A.Ş.,4028e4a140f2ed7101411793bae502d5
DNISI,DİNAMİK ISI MAKİNA YALITIM MALZEMELERİ SANAYİ VE TİCARET A.Ş.,8acae2c473646c5e017410b3f4b16fae
DNYVA,DÜNYA VARLIK YÖNETİM A.Ş.,8acae2c569cee403016b991858035a54
DNZEN,DENİZ EKO ENERJİ VE GERİ DÖNÜŞÜM A.Ş.,8acae2c4998f24d8019abf7bb7eb4396
DOAS,DOĞUŞ OTOMOTİV SERVİS VE TİCARET A.Ş.,4028e4a240e8d16e0140e951bf04007b
DOFER,DOFER YAPI MALZEMELERİ SANAYİ VE TİCARET A.Ş.,8acae2c486d22a3a018b03b62cd429bd
DOFRB,DOF ROBOTİK SANAYİ A.Ş.,8acae2c494bafc930198f4d3cccb4dbb
DOGUB,DOĞUSAN BORU SANAYİ VE TİCARET A.Ş.,4028e4a141e536460141ee618a972cf0
DOGVY,DOĞRU VARLIK YÖNETİM A.Ş.,8acae2c469cee2a4016a2aff6ed42fb3
DOHOL,DOĞAN ŞİRKETLER GRUBU HOLDİNG A.Ş.,4028e4a141462df201414ff732983087
DOKTA,DÖKTAŞ DÖKÜMCÜLÜK TİCARET VE SANAYİ A.Ş.,4028e4a241558bd9014155c9b19e03b7
DSTKF,DESTEK FİNANS FAKTORİNG A.Ş.,4028e4a1415f4d9b01415fe0caa830df
DSYAT,DESTEK YATIRIM MENKUL DEĞERLER A.Ş.,fb4e3f58d05d4f01a5f15679e90748e9
DTRND,DOĞAN TREND OTOMOTİV TİCARET HİZMET VE TEKNOLOJİ A.Ş.,8acae2c57f7cbb480180b81e94cd4261
DUNYH,DÜNYA HOLDİNG A.Ş.,4028e4a141733b51014173e7419c13f1
DURDO,DURAN DOĞAN BASIM VE AMBALAJ SANAYİ A.Ş.,4028e4a141effedc0141fe14e2b41807
DURKN,DURUKAN ŞEKERLEME SANAYİ VE TİCARET A.Ş.,8acae2c49145e00d0191c6164e8e4aca
DVRLK,D VARLIK KİRALAMA A.Ş.,8acae2c49145e00b01928aa470dd5fda
DYBNK,D YATIRIM BANKASI A.Ş.,8acae2c4757dba8c01759d4015520c73
DYOBY,DYO BOYA FABRİKALARI SANAYİ VE TİCARET A.Ş.,4028e4a140e8cf9d0140e95835a30033
DZGYO,DENİZ GAYRİMENKUL YATIRIM ORTAKLIĞI A.Ş.,4028e4a240ee866c0140f1fad94e0047
DZY,DENİZ YATIRIM MENKUL KIYMETLER A.Ş.,4028e4a240f2ef4c01412b0a0cb90593
DZYMK,DENİZ YATIRIM MENKUL KIYMETLER A.Ş.,4028e4a240f2ef4c01412b0a0cb90593
EBEBK,EBEBEK MAĞAZACILIK A.Ş.,8acae2c586d22c51018a2b6c8f5963cd
ECILC,EİS ECZACIBAŞI İLAÇ SINAİ VE FİNANSAL YATIRIMLAR SANAYİ VE TİCARET A.Ş.,4028e4a1415f4d99014160034b683108
ECOGR,ECOGREEN ENERJİ HOLDİNG A.Ş.,8acae2c5991b90af019975bc2a6c244d
ECZIP,EİP ECZACIBAŞI İLAÇ PAZARLAMA A.Ş.,4028e4a2462cc71d014694521292040f
ECZYT,ECZACIBAŞI YATIRIM HOLDİNG ORTAKLIĞI A.Ş.,4028e4a1415f4d9901416012a278321f
EDATA,E-DATA TEKNOLOJİ PAZARLAMA A.Ş.,8acae2c47902e75101792325d43f2419
EDIP,EDİP GAYRİMENKUL YATIRIM SANAYİ VE TİCARET A.Ş.,4028e4a240e95dc90140ecc568850014
EFOR,EFOR YATIRIM SANAYİ TİCARET A.Ş.,8acae2c5819d0efb0182923c4c307fbf
EGEEN,EGE ENDÜSTRİ VE TİCARET A.Ş.,1DE05DAA8254073AE0530A4A622A2EBD
EGEGY,EGEYAPI AVRUPA GAYRİMENKUL YATIRIM ORTAKLIĞI A.Ş.,8acae2c59145e00e019406e89bc4222c
EGEPO,NASMED ÖZEL SAĞLIK HİZMETLERİ TİCARET A.Ş.,8acae2c4794d3648017a9fceecca0bad
EGGUB,EGE GÜBRE SANAYİİ A.Ş.,4028e4a2422d9a78014304d729e3673d
EGPRO,EGE PROFİL TİCARET VE SANAYİ A.Ş.,4028e4a240f2ef4701413a5c97b805ea
EGSER,EGE SERAMİK SANAYİ VE TİCARET A.Ş.,4028e4a1415f4d9b01415ff0ece83aa8
EKER,EKER SÜT ÜRÜNLERİ GIDA SANAYİ VE TİCARET A.Ş.,1af4bb0512df41c599b6ff93a4468ac5
EKGYO,EMLAK KONUT GAYRİMENKUL YATIRIM ORTAKLIĞI A.Ş.,4028e4a2422d9a780142513cda5b232e
EKIZ,EKİZ KİMYA SANAYİ VE TİCARET A.Ş.,4028e4a240e95dc30140ed19d1b80064
EKOFA,EKO FAKTORİNG A.Ş.,4028e4a1420a2d8001420d4c56f30c2e
EKOS,EKOS TEKNOLOJİ VE ELEKTRİK A.Ş.,8acae2c48b2fa25a018bb9a255865895
EKOVR,EKOVAR ÇEVRE GRUP GERİ DÖNÜŞÜM ATIK DEPOLAMA İNŞAAT TAAHHÜT SANAYİ VE TİCARET A.Ş.,8acae2c48c3efabf018d207a27830a1e
EKSUN,EKSUN GIDA TARIM SANAYİ VE TİCARET A.Ş.,8acae2c48304fe9c0186ca8287b67657
EKTVK,EMLAK KATILIM VARLIK KİRALAMA A.Ş.,8acae2c56faf888c017139d3005854da
ELITE,ELİTE NATUREL ORGANİK GIDA SANAYİ VE TİCARET A.Ş.,8acae2c4794d364a017aa049a089099f
EMIRV,EMİR VARLIK YÖNETİM A.Ş.,8acae2c569cee403016bfffc3245069f
EMKEL,EMEK ELEKTRİK ENDÜSTRİSİ A.Ş.,4028e4a241a25fcb0141a289218b0302
EMNIS,EMİNİŞ AMBALAJ SANAYİ VE TİCARET A.Ş.,4028e4a241e538ab0141ef8f97934765
EMPAE,EMPA ELEKTRONİK SANAYİ VE TİCARET A.Ş.,8acae2c562329bd101626c30f98c1590
EMVAR,EMLAK VARLIK KİRALAMA A.Ş.,8acae2c56cc265e9016d204e39f71dbc
ENDAE,ENDA ENERJİ HOLDİNG A.Ş.,8acae2c49145e00b01949751383218b4
ENERY,ENERYA ENERJİ A.Ş.,4028e4a241733d4201417937d4337e22
ENJSA,ENERJİSA ENERJİ A.Ş.,4028e4a1422d98690142bceaa31957cf
ENKAI,ENKA İNŞAAT VE SANAYİ A.Ş.,4028e4a240e95dc90140ed3883fe0093
ENSRI,ENSARİ SINAİ YATIRIMLAR A.Ş.,8acae2c47d3bee50017f77c935000e69
ENTRA,IC ENTERRA YENİLENEBİLİR ENERJİ A.Ş.,8acae2c48c3efabf018e64e77b5d3e77
EPLAS,EGEPLAST EGE PLASTİK TİCARET VE SANAYİ A.Ş.,4028e4a14158e41e01415aa30e206011
ERBOS,ERBOSAN ERCİYAS BORU SANAYİ VE TİCARET A.Ş.,4028e4a14184e9cf01419c006da45a78
ERCB,ERCİYAS ÇELİK BORU SANAYİ A.Ş.,2af53003ee3c4464b0b653225816518d
EREGL,EREĞLİ DEMİR VE ÇELİK FABRİKALARI T.A.Ş.,4028e4a240e95dc90140ede4c12a0133
ERGLI,EREĞLİ TEKSTİL TURİZM SANAYİ VE TİCARET A.Ş.,4028e4a24337209001434898a6893468
ERSU,ERSU MEYVE VE GIDA SANAYİ A.Ş.,4028e4a140f2ed7201411160fbeb057e
ESCAR,ESCAR FİLO KİRALAMA HİZMETLERİ A.Ş.,8acae2c4782a4d560178f8929f486aed
ESCOM,ESCORT TEKNOLOJİ YATIRIM A.Ş.,4028e4a142140a8d01421437e3fb036a
ESEN,ESENBOĞA ELEKTRİK ÜRETİM A.Ş.,8acae2c57436079f0174486159f4072f
ETILR,ETİLER GIDA VE TİCARİ YATIRIMLAR SANAYİ VE TİCARET A.Ş.,4028e4a240f2ef4701413b24736d0655
ETYAT,EURO TREND YATIRIM ORTAKLIĞI A.Ş.,4028e4a240e95dc30140edba6a660099
EUHOL,EURO YATIRIM HOLDİNG A.Ş.,4028e4a240e95dc30140edbd5ca900a3
EUKYO,EURO KAPİTAL YATIRIM ORTAKLIĞI A.Ş.,4028e4a140e95bea0140ed45272800bb
EUPWR,EUROPOWER ENERJİ VE OTOMASYON TEKNOLOJİLERİ SANAYİ TİCARET A.Ş.,8acae2c486d22a3b01875b5644ea61c4
EUREN,EUROPEN ENDÜSTRİ İNŞAAT SANAYİ VE TİCARET A.Ş.,8acae2c580e91030018105632b470bcd
EUYO,EURO MENKUL KIYMET YATIRIM ORTAKLIĞI A.Ş.,4028e4a240e95dc90140ed419b5d00a4
EXIMB,TÜRKİYE İHRACAT KREDİ BANKASI A.Ş.,1DE05DAA8430073AE0530A4A622A2EBD
EYGYO,EYG GAYRİMENKUL YATIRIM ORTAKLIĞI A.Ş.,8acae2c48304fe9c01843d2398a50797
FADE,FADE GIDA YATIRIM SANAYİ TİCARET A.Ş.,8acae2c46e7fdc6d016f85a87ec9674e
FAIRF,FAİR FİNANSMAN A.Ş.,8acae2c5991b90af019961c939bd1e63
FBB,FİBABANKA A.Ş.,1DE05DAA820D073AE0530A4A622A2EBD
FBBNK,FİBABANKA A.Ş.,1DE05DAA820D073AE0530A4A622A2EBD
FENER,FENERBAHÇE FUTBOL A.Ş.,4028e4a240e95dc90140ede7351a013d
FIN,QNB BANK A.Ş.,4028e4a240e95dc90140ee076f400178
FKPET,FİKRET PETROL ÜRÜNLERİ PAZARLAMA SANAYİ VE TİCARET A.Ş.,8acae2c59b85fa03019c74a8114c4f4c
FLAP,FLAP KONGRE TOPLANTI HİZMETLERİ OTOMOTİV VE TURİZM A.Ş.,4028e4a141558bdd01415620c00705ad
FMIZP,FEDERAL MOGUL İZMİT PİSTON VE PİM ÜRETİM TESİSLERİ A.Ş.,4028e4a240f2ef4701410bb5cdab01cf
FONET,FONET BİLGİ TEKNOLOJİLERİ A.Ş.,8acae2c55a980119015b435875566776
FORMT,FORMET METAL VE CAM SANAYİ A.Ş.,8acae2c562329bd101633953d02b0477
FORTE,FORTE BİLGİ İLETİŞİM TEKNOLOJİLERİ VE SAVUNMA SANAYİ A.Ş.,8acae2c47f7cb492018094784f6f309a
FRIGO,FRİGO-PAK GIDA MADDELERİ SANAYİ VE TİCARET A.Ş.,4028e4a1415f4d9b01415fee1db939f4
FRMPL,FORMÜL PLASTİK VE METAL SANAYİ A.Ş.,8acae2c5998f25d7019b732d9c623a64
FROTO,FORD OTOMOTİV SANAYİ A.Ş.,4028e4a140f2ed71014106890fae0138
FZLGY,FUZUL GAYRİMENKUL YATIRIM ORTAKLIĞI A.Ş.,8acae2c586d22c530189534dc2624568
GARAN,TÜRKİYE GARANTİ BANKASI A.Ş.,4028e4a140f2ed720140f37cb2a601b7
GARFA,GARANTİ FAKTORİNG A.Ş.,4028e4a240e95dc90140ee1ab24b0189
GARFL,GARANTİ FİLO YÖNETİM HİZMETLERİ A.Ş.,4028e4a240f2ef4c01413a53aa850684
GATEG,GATE GROUP TEKNOLOJİ MEDYA VE SİBER GÜVENLİK HİZMETLERİ A.Ş.,402821824bf524dd014c27907cd65b79
GEDIK,GEDİK YATIRIM MENKUL DEĞERLER A.Ş.,4028e4a140e95bea0140ee1edd700174
GEDZA,GEDİZ AMBALAJ SANAYİ VE TİCARET A.Ş.,4028e4a14158e41e01415b2a655f6cca
GENIL,GEN İLAÇ VE SAĞLIK ÜRÜNLERİ SANAYİ VE TİCARET A.Ş.,8acae2c5794d3d6a017a89f2678a1118
GENKM,GENTAŞ KİMYA SANAYİ VE TİCARET PAZARLAMA A.Ş.,8acae2c49c81f746019c9a20ca2419a9
GENTS,GENTAŞ DEKORATİF YÜZEYLER SANAYİ VE TİCARET A.Ş.,4028e4a2416e696c01416f1e03364c9d
GEREL,GERSAN ELEKTRİK TİCARET VE SANAYİ A.Ş.,4028e4a14158e41e01415aaad2ae618b
GESAN,GİRİŞİM ELEKTRİK SANAYİ TAAHHÜT VE TİCARET A.Ş.,8acae2c4794d364a017af66863e41bae
GGBVK,GOLDEN GLOBAL VARLIK KİRALAMA A.Ş.,8acae2c5830502c2018451afb35c132d
GIPTA,GIPTA OFİS KIRTASİYE VE PROMOSYON ÜRÜNLERİ İMALAT SANAYİ A.Ş.,8acae2c486d22a3a018a5106156c5c3d
GLB,GLOBAL MENKUL DEĞERLER A.Ş.,4028e4a140e95bea0140ee21b10d0188
GLBMD,GLOBAL MENKUL DEĞERLER A.Ş.,4028e4a140e95bea0140ee21b10d0188
GLCVY,GELECEK VARLIK YÖNETİMİ A.Ş.,8acae2c465a51c3801683c2840c516cb
GLRMK,GÜLERMAK AĞIR SANAYİ İNŞAAT VE TAAHHÜT A.Ş.,4028e4a1416e696301416f392897603f
GLRYH,GÜLER YATIRIM HOLDİNG A.Ş.,4028e4a240f2ef4c01410cf733f303d9
GLYHO,GLOBAL YATIRIM HOLDİNG A.Ş.,4028e4a140e95bea0140ee24416e0197
GMTAS,GİMAT MAĞAZACILIK SANAYİ VE TİCARET A.Ş.,a3ff494df37b408aa9088106fe98f59e
GOKNR,GÖKNUR GIDA MADDELERİ ENERJİ İMALAT İTHALAT İHRACAT TİCARET VE SANAYİ A.Ş.,4028e4a1462cc5dd0146673d70055928
GOLTS,GÖLTAŞ GÖLLER BÖLGESİ ÇİMENTO SANAYİ VE TİCARET A.Ş.,4028e4a140e95be70140ee27ccd40129
GOODY,GOODYEAR LASTİKLERİ T.A.Ş.,4028e4a140f2ed7101412bfc6f340359
GOZDE,GÖZDE GİRİŞİM SERMAYESİ YATIRIM ORTAKLIĞI A.Ş.,4028e4a24158e42201415b0210ba60ef
GRNYO,GARANTİ YATIRIM ORTAKLIĞI A.Ş.,4028e4a240f2ef470141271e9d5104d3
GRSEL,GÜR-SEL TURİZM TAŞIMACILIK VE SERVİS TİCARET A.Ş.,8acae2c47d3bee50017f2c2fc65150e6
GRTHO,GRAINTURK HOLDİNG A.Ş.,8acae2c48304fe9c018466742a3b2960
GSDDE,GSD DENİZCİLİK GAYRİMENKUL İNŞAAT SANAYİ VE TİCARET A.Ş.,4028e4a140e95be70140ee2a7f39013b
GSDHO,GSD HOLDİNG A.Ş.,4028e4a140e95be70140ee2be54b014a
GSRAY,GALATASARAY SPORTİF SINAİ VE TİCARİ YATIRIMLAR A.Ş.,4028e4a14203278a0142095598f114ba
GUBRF,GÜBRE FABRİKALARI T.A.Ş.,4028e4a241733d4a01417989f3760a4d
GUNDG,GÜNDOĞDU GIDA SÜT ÜRÜNLERİ SANAYİ VE DIŞ TİCARET A.Ş.,8acae2c59145e00a019146a7cde301bc
GWIND,GALATA WIND ENERJİ A.Ş.,8acae2c46d7599a6016dee0b5aec36b2
GZNMI,GEZİNOMİ SEYAHAT TURİZM TİCARET A.Ş.,8acae2c47d3bee50017e3445b465578f
HALKB,TÜRKİYE HALK BANKASI A.Ş.,1DE05DAA82C3073AE0530A4A622A2EBD
HALKF,HALK FİNANSAL KİRALAMA A.Ş.,4028e4a240f2ef470140f39a7f7600b1
HALKI,HALK YATIRIM MENKUL DEĞERLER A.Ş.,4028e4a240f2ef4c01411654e5fc0479
HATEK,HATEKS HATAY TEKSTİL İŞLETMELERİ A.Ş.,4028e4a141e536460141e5859f40059b
HATSN,HAT-SAN GEMİ İNŞAA BAKIM ONARIM DENİZ NAKLİYAT SANAYİ VE TİCARET A.Ş.,8acae2c586d22c51018a739bad647f5a
HAYVK,HAYAT VARLIK KİRALAMA A.Ş.,8acae2c59145e00e0197bff60dc62a30
HDFFL,HEDEF ARAÇ KİRALAMA VE SERVİS A.Ş.,4028e4a246b4c5ad0147c4b464893865
HDFGS,HEDEF GİRİŞİM SERMAYESİ YATIRIM ORTAKLIĞI A.Ş.,4028e4a242140a9601422820b6da43f8
HDFVK,HEDEF VARLIK KİRALAMA A.Ş.,8acae2c58b2fa64e018e0edc8c8619eb
HDFYB,HEDEF YATIRIM BANKASI A.Ş.,8acae2c48c3efabf018d10fc19010119
HEDEF,HEDEF HOLDİNG A.Ş.,8acae2c4794d3648017a8bd7bc0103df
HEKTS,HEKTAŞ TİCARET T.A.Ş.,4028e4a140ee35c00140ee5d194a0055
HKTM,HİDROPAR HAREKET KONTROL TEKNOLOJİLERİ MERKEZİ SANAYİ VE TİCARET A.Ş.,8acae2c5812b84a401816252165513b1
HLGYO,HALK GAYRİMENKUL YATIRIM ORTAKLIĞI A.Ş.,4028e4a240ee37a30140ee53e47c0057
HLVKS,HALK VARLIK KİRALAMA A.Ş.,8acae2c45fc5ff9c016002b79772115e
HLY,HALK YATIRIM MENKUL DEĞERLER A.Ş.,4028e4a240f2ef4c01411654e5fc0479
HOROZ,HOROZ LOJİSTİK KARGO HİZMETLERİ VE TİCARET A.Ş.,8acae2c58b2fa64e018fabc0441664a1
HRKET,HAREKET PROJE TAŞIMACILIĞI VE YÜK MÜHENDİSLİĞİ A.Ş.,8acae2c48c3efabf018f632d8d082913
HTTBT,HİTİT BİLGİSAYAR HİZMETLERİ A.Ş.,8acae2c57d3bf002017e016f30e442c6
HUBVC,HUB GİRİŞİM SERMAYESİ YATIRIM ORTAKLIĞI A.Ş.,4028e4a240f2ef4c01413b59d12c0749
HUNER,HUN YENİLENEBİLİR ENERJİ ÜRETİM A.Ş.,8acae2c47d3bee4e017e347a3f5a5b1a
HURGZ,HÜRRİYET GAZETECİLİK VE MATBAACILIK A.Ş.,4028e4a140ee35c70140ee6408650041
HUZFA,HUZUR FAKTORİNG A.Ş.,4028e4a241558bd9014155ce6dec03e8
HYB,HEDEF YATIRIM BANKASI A.Ş.,8acae2c48c3efabf018d10fc19010119
IAZ,INVEST-AZ YATIRIM MENKUL DEĞERLER A.Ş.,4028e4a14184e9cf0141934f00662c2e
ICB,ICBC TURKEY BANK A.Ş.,4028e4a24158e42401415a700e104f3f
ICBCT,ICBC TURKEY BANK A.Ş.,4028e4a24158e42401415a700e104f3f
ICUGS,ICU GİRİŞİM SERMAYESİ YATIRIM ORTAKLIĞI A.Ş.,4028e4a141e536460141e53ba7790052
IDGYO,İDEALİST GAYRİMENKUL YATIRIM ORTAKLIĞI A.Ş.,4028e4a14184e9c901419d6d716e6b19
IEYHO,IŞIKLAR ENERJİ VE YAPI HOLDİNG A.Ş.,4028e4a140f2ed7201410d315d200314
IHAAS,İHLAS HABER AJANSI A.Ş.,8acae2c57afb2d70017bdf2f5af067ed
IHEVA,İHLAS EV ALETLERİ İMALAT SANAYİ VE TİCARET A.Ş.,4028e4a240ee37a30140ee7a98160079
IHGZT,İHLAS GAZETECİLİK A.Ş.,4028e4a140ee84900140f1f8d5bc003c
IHLAS,İHLAS HOLDİNG A.Ş.,4028e4a140ee84900140f1fbc6b1004f
IHLGM,İHLAS GAYRİMENKUL PROJE GELİŞTİRME VE TİCARET A.Ş.,4028e4a141a25dcb0141a2a7a0060471
IHYAY,İHLAS YAYIN HOLDİNG A.Ş.,4028e4a140ee847b0140f205c4270035
IMASM,İMAŞ MAKİNA SANAYİ A.Ş.,8acae2c47f7cb49201802cedfbb46d26
INALR,İNALLAR OTOMOTİV SANAYİ VE TİCARET A.Ş.,8acae2c568af01170169584cb0b8653c
INDES,İNDEKS BİLGİSAYAR SİSTEMLERİ MÜHENDİSLİK SANAYİ VE TİCARET A.Ş.,4028e4a2416e697d01416ead8a0615a7
INFO,İNFO YATIRIM MENKUL DEĞERLER A.Ş.,4028e4a2416e696c01416edd30ca3148
INGRM,INGRAM MİCRO BİLİŞİM SİSTEMLERİ A.Ş.,4028e4a241462fd80141556f6a9308a2
INTEK,İNNOSA TEKNOLOJİ A.Ş.,402821824bf524dc014bff15df9f2027
INTEM,İNTEMA İNŞAAT VE TESİSAT MALZEMELERİ YATIRIM VE PAZARLAMA A.Ş.,4028e4a241e538b40141e572868704e7
INVAZ,INVEST-AZ YATIRIM MENKUL DEĞERLER A.Ş.,4028e4a14184e9cf0141934f00662c2e
INVEO,INVEO YATIRIM HOLDİNG A.Ş.,4028e4a140f2ed7201413b67b22f0929
INVES,INVESTCO HOLDİNG A.Ş.,8acae2c47d3bee50017f0bbbbbfa3c0e
ISATR,TÜRKİYE İŞ BANKASI A.Ş.,4028e4a140f2ed7201411682b0cb05c6
ISBIR,İŞBİR HOLDİNG A.Ş.,4028e4a240f2ef4c0141017954a000b4
ISBTR,TÜRKİYE İŞ BANKASI A.Ş.,4028e4a140f2ed7201411682b0cb05c6
ISCTR,TÜRKİYE İŞ BANKASI A.Ş.,4028e4a140f2ed7201411682b0cb05c6
ISDMR,İSKENDERUN DEMİR VE ÇELİK A.Ş.,4028e4a2416e696c01416ee8eb7b3770
ISFAK,İŞ FAKTORİNG A.Ş.,4028e4a2413b80ca01413bb4d2580033
ISFIN,İŞ FİNANSAL KİRALAMA A.Ş.,4028e4a140f2ed7101410d272d690188
ISGSY,İŞ GİRİŞİM SERMAYESİ YATIRIM ORTAKLIĞI A.Ş.,4028e4a240ee866c0140f273ea66014d
ISGYO,İŞ GAYRİMENKUL YATIRIM ORTAKLIĞI A.Ş.,4028e4a140f2ed7201412acbeb8b06f7
ISKPL,IŞIK PLASTİK SANAYİ VE DIŞ TİCARET PAZARLAMA A.Ş.,8acae2c575a1b5b601770603623b7c43
ISKUR,TÜRKİYE İŞ BANKASI A.Ş.,4028e4a140f2ed7201411682b0cb05c6
ISMEN,İŞ YATIRIM MENKUL DEĞERLER A.Ş.,4028e4a140f275530140f277aa100008
ISSEN,İŞBİR SENTETİK DOKUMA SANAYİ A.Ş.,8acae2c452495e0b0152ef57ae190f85
ISTFK,İSTANBUL FAKTORİNG A.Ş.,4028e4a244a081810145d6e6f59b75cf
ISTVY,İSTANBUL VARLIK YÖNETİM A.Ş.,4028e4a142140a8c014222e455c72489
ISYAT,İŞ YATIRIM ORTAKLIĞI A.Ş.,4028e4a240ee866c0140f2710c33013d
IYF,İNFO YATIRIM MENKUL DEĞERLER A.Ş.,4028e4a2416e696c01416edd30ca3148
IYM,İŞ YATIRIM MENKUL DEĞERLER A.Ş.,4028e4a140f275530140f277aa100008
IZENR,İZDEMİR ENERJİ ELEKTRİK ÜRETİM A.Ş.,8acae2c5534651ff0153612ea22a02ec
IZFAS,İZMİR FIRÇA SANAYİ VE TİCARET A.Ş.,4028e4a146b4c41301485f8c72095698
IZINV,İZ YATIRIM HOLDİNG A.Ş.,1DE05DAA82FC073AE0530A4A622A2EBD
IZMDC,İZMİR DEMİR ÇELİK SANAYİ A.Ş.,4028e4a140f275550140f27e319401ca
JANTS,JANTSA JANT SANAYİ VE TİCARET A.Ş.,4028e4a240f2ef4c01413b1b57300719
KAPLM,KAPLAMİN AMBALAJ SANAYİ VE TİCARET A.Ş.,4028e4a1416e696501416f314a3960dc
KAREL,KAREL ELEKTRONİK SANAYİ VE TİCARET A.Ş.,4028e4a246b4c5a90147d42c754a6bba
KARSN,KARSAN OTOMOTİV SANAYİİ VE TİCARET A.Ş.,4028e4a140f275530140f2e357a501f7
KARTN,KARTONSAN KARTON SANAYİ VE TİCARET A.Ş.,4028e4a2416e697d01416e969af50d2e
KATMR,KATMERCİLER ARAÇ ÜSTÜ EKİPMAN SANAYİ VE TİCARET A.Ş.,4028e4a14184e9cf01419c001e945a74
KATVK,KATILIM VARLIK KİRALAMA A.Ş.,8acae2c45835eb6501589126d8f220fc
KAYSE,KAYSERİ ŞEKER FABRİKASI A.Ş.,4028e4a144a0804f0145a837a7ad0a66
KBORU,KUZEY BORU A.Ş.,8acae2c48b2fa259018c33b3ca910ba8
KCAER,KOCAER ÇELİK SANAYİ VE TİCARET A.Ş.,4028e4a2416f888d01416f9ea04a058f
KCHOL,KOÇ HOLDİNG A.Ş.,4028e4a140f2ed710140f2f4d6c70039
KENT,KENT GIDA MADDELERİ SANAYİİ VE TİCARET A.Ş.,4028e4a14184e9cf01419c41a8125db1
KERVN,KERVANSARAY YATIRIM HOLDİNG A.Ş.,4028e4a1415f4d9901416004afc13142
KFEIN,KAFEİN YAZILIM HİZMETLERİ TİCARET A.Ş.,8acae2c55835f84c015848477328085a
KFILO,KAYATUR FİLO KİRALAMA A.Ş.,8acae2c4991b8c3201992881244b00c6
KGYO,KORAY GAYRİMENKUL YATIRIM ORTAKLIĞI A.Ş.,4028e4a240f2ef4c0141176f57ca04a5
KIMMR,ERSAN ALIŞVERİŞ HİZMETLERİ VE GIDA SANAYİ TİCARET A.Ş.,8acae2c5794d3d6a01795f597b820707
KLGYO,KİLER GAYRİMENKUL YATIRIM ORTAKLIĞI A.Ş.,4028e4a2415f4f8101415f7009a809a2
KLKIM,KALEKİM KİMYEVİ MADDELER SANAYİ VE TİCARET A.Ş.,4028e4a144a0804f01452d35e88a3208
KLMSN,KLİMASAN KLİMA SANAYİ VE TİCARET A.Ş.,4028e4a2416e696c01416f7763e874db
KLN,TÜRKİYE KALKINMA VE YATIRIM BANKASI A.Ş.,4028e4a14158e41e01415b2dc3476cf4
KLNMA,TÜRKİYE KALKINMA VE YATIRIM BANKASI A.Ş.,4028e4a14158e41e01415b2dc3476cf4
KLRHO,KİLER HOLDİNG A.Ş.,4028e4a1415f4d990141600b4b5331e2
KLSER,KALESERAMİK ÇANAKKALE KALEBODUR SERAMİK SANAYİ A.Ş.,4028e4a140f275550140f285f6cf0246
KLSYN,KOLEKSİYON MOBİLYA SANAYİ A.Ş.,402821814da3a99c014f3b4e25ff608e
KLVKS,KALKINMA YATIRIM VARLIK KİRALAMA A.Ş.,8acae2c47afb298b017b638d20d840cd
KLYPV,KALYON GÜNEŞ TEKNOLOJİLERİ ÜRETİM A.Ş.,8acae2c494bafc930194bb236113010e
KMPUR,KİMTEKS POLİÜRETAN SANAYİ VE TİCARET A.Ş.,8acae2c47d3bee4e017da32a238f235f
KNFRT,KONFRUT TARIM A.Ş.,4028e4a140f2ed710140f2fc30bc006e
KNTFA,KENT FİNANS FAKTORİNG A.Ş.,4028e4a14184e9c901419d1119ca6579
KOCFN,KOÇ FİNANSMAN A.Ş.,4028e4a140f2ed710140f2f251eb0026
KOCMT,KOÇ METALURJİ A.Ş.,4028e4a2416e696c01416f734ce273ad
KONKA,KONYA KAĞIT SANAYİ VE TİCARET A.Ş.,4028e4a244a08180014619dea2160482
KONTR,KONTROLMATİK TEKNOLOJİ ENERJİ VE MÜHENDİSLİK A.Ş.,8acae2c5745d76320174c4879b101cb2
KONYA,KONYA ÇİMENTO SANAYİİ A.Ş.,4028e4a140f2ed720140f3014c9400cf
KOPOL,KOZA POLYESTER SANAYİ VE TİCARET A.Ş.,8acae2c486d22a3b01873668ecf84494
KORDS,KORDSA TEKNİK TEKSTİL A.Ş.,4028e4a140f2ed720140f30606a700ec
KORTS,KORTEKS MENSUCAT SANAYİ VE TİCARET A.Ş.,4028e4a140f2ed720140f2f4659e00bc
KOTON,KOTON MAĞAZACILIK TEKSTİL SANAYİ VE TİCARET A.Ş.,4028e4a2422d9a7801429a4cc3d64f41
KRDMA,KARDEMİR KARABÜK DEMİR ÇELİK SANAYİ VE TİCARET A.Ş.,4028e4a140f2ed7201412ace3ada0707
KRDMB,KARDEMİR KARABÜK DEMİR ÇELİK SANAYİ VE TİCARET A.Ş.,4028e4a140f2ed7201412ace3ada0707
KRDMD,KARDEMİR KARABÜK DEMİR ÇELİK SANAYİ VE TİCARET A.Ş.,4028e4a140f2ed7201412ace3ada0707
KRGYO,KÖRFEZ GAYRİMENKUL YATIRIM ORTAKLIĞI A.Ş.,4028e4a244a081810146002d6e0c555f
KRONT,KRON TEKNOLOJİ A.Ş.,4028e4a2415f4f8401415ffc858834e3
KRPLS,KOROPLAST TEMİZLİK AMBALAJ ÜRÜNLERİ SANAYİ VE DIŞ TİCARET A.Ş.,8acae2c47f7cb49101803bbfecdb76dd
KRSTL,KRİSTAL KOLA VE MEŞRUBAT SANAYİ TİCARET A.Ş.,4028e4a240f2ef4c0140f3180014001a
KRTEK,KARSU TEKSTİL SANAYİİ VE TİCARET A.Ş.,4028e4a240f2ef47014106bb724601b1
KRVGD,KERVAN GIDA SANAYİ VE TİCARET A.Ş.,4028e4a246b4c5a90148127e32eb47e9
KSFIN,KOÇ STELLANTİS FİNANSMAN A.Ş.,4028e4a140f2ed710140f2f01f960011
KSTUR,KUŞTUR KUŞADASI TURİZM ENDÜSTRİSİ A.Ş.,4028e4a141462df201414f97fa07221a
KTKVK,KT KİRA SERTİFİKALARI VARLIK KİRALAMA A.Ş.,1DE05DAA8332073AE0530A4A622A2EBD
KTLEV,KATILIMEVİM TASARRUF FİNANSMAN A.Ş.,8acae2c5830502c20185a9e2e5ac488b
KTSKR,KÜTAHYA ŞEKER FABRİKASI A.Ş.,8acae2c5794d3d66017a1e5a8bfb4e07
KTSVK,KT SUKUK VARLIK KİRALAMA A.Ş.,8acae2c45a97ffbc015b1e02e5033b72
KUTPO,KÜTAHYA PORSELEN SANAYİ A.Ş.,4028e4a240f2ef4c014111cff01d0420
KUVVA,KUVVA GIDA TİCARET VE SANAYİ YATIRIMLARI A.Ş.,4028e4a2422d9a6e01424699b9d061ec
KUYAS,KUYAŞ YATIRIM A.Ş.,4028e4a241a25fd60141a2bf974c04e8
KZBGY,KIZILBÜK GAYRİMENKUL YATIRIM ORTAKLIĞI A.Ş.,8acae2c5794d3d66017aadf2b6b719cb
KZGYO,KUZUGRUP GAYRİMENKUL YATIRIM ORTAKLIĞI A.Ş.,8acae2c586d22c53018a02754e924a33
LIDER,LDR TURİZM A.Ş.,8acae2c5570aaa2b0157be3a3ef749af
LIDFA,LİDER FAKTORİNG A.Ş.,4028e4a141da49ea0141dfe0d2732d48
LILAK,LİLA KAĞIT SANAYİ VE TİCARET A.Ş.,8acae2c48c3efac0018f193ab573372b
LINK,LİNK BİLGİSAYAR SİSTEMLERİ YAZILIMI VE DONANIMI SANAYİ VE TİCARET A.Ş.,4028e4a2422d9a6e01428f2d3d020b61
LKMNH,LOKMAN HEKİM ENGÜRÜSAĞ SAĞLIK TURİZM EĞİTİM HİZMETLERİ VE İNŞAAT TAAHHÜT A.Ş.,4028e4a24158e42401415f1d4417412e
LMKDC,LİMAK DOĞU ANADOLU ÇİMENTO SANAYİ VE TİCARET A.Ş.,8acae2c58b2fa64e018d8cfe461558d3
LOGO,LOGO YAZILIM SANAYİ VE TİCARET A.Ş.,4028e4a14158e41e01415b41210a6e8c
LRSHO,LORAS HOLDİNG A.Ş.,4028e4a140f2ed7101411799cb9b02fc
LUKSK,LÜKS KADİFE TİCARET VE SANAYİİ A.Ş.,4028e4a140f2ed720140f31ed775014f
LYDHO,LYDİA HOLDİNG A.Ş.,4028e4a240f2ef4701411763ed38047c
LYDYE,LYDİA YEŞİL ENERJİ KAYNAKLARI A.Ş.,4028e4a241a25fcb0141a7c3f3302405
MAALT,MARMARİS ALTINYUNUS TURİSTİK TESİSLER A.Ş.,4028e4a140f2ed710141179bf0630308
MACKO,MACKOLİK İNTERNET HİZMETLERİ TİCARET A.Ş.,8acae2c48304fe9e0183694124c82d0a
MAGEN,MARGÜN ENERJİ ÜRETİM SANAYİ VE TİCARET A.Ş.,8acae2c47afb298a017bf270b76b78f1
MAKIM,MAKİM MAKİNA TEKNOLOJİLERİ SANAYİ VE TİCARET A.Ş.,8acae2c57f7cbb49017f977f7f190949
MAKTK,MAKİNA TAKIM ENDÜSTRİSİ A.Ş.,4028e4a24158e42201415ad40fca5dd0
MANAS,MANAS ENERJİ YÖNETİMİ SANAYİ VE TİCARET A.Ş.,8acae2c5794d3d660179f09f7061388a
MARBL,TUREKS TURUNÇ MADENCİLİK İÇ VE DIŞ TİCARET A.Ş.,8acae2c45835eb6501593a986e7e57f7
MARMR,MARMARA HOLDİNG A.Ş.,8acae2c5991b90b001993ca6c1951026
MARTI,MARTI OTEL İŞLETMELERİ A.Ş.,4028e4a1415f4d9b0141603d6cec410f
MAVI,MAVİ GİYİM SANAYİ VE TİCARET A.Ş.,4028e4a141733b5101417ea9aae11fec
MBFTR,MERCEDES-BENZ FİNANSMAN TÜRK A.Ş.,4028e4a241733d420141744bc087317b
MCARD,METROPAL KURUMSAL HİZMETLER A.Ş.,8acae2c59c81f7f7019c98b19b8c0af5
MEDTR,MEDİTERA TIBBİ MALZEME SANAYİ VE TİCARET A.Ş.,8acae2c5794d3d6a017a1de13bf04ff2
MEGAP,MEGA POLİETİLEN KÖPÜK SANAYİ VE TİCARET A.Ş.,4028e4a141e536460141ee602f162cdb
MEGMT,MEGA METAL SANAYİ VE TİCARET A.Ş.,8acae2c5594ca644015964a5bef50e57
MEKAG,MEKA GLOBAL MAKİNE İMALAT SANAYİ VE TİCARET A.Ş.,8acae2c586d22c51018adff79d0f2d15
MEKMD,MEKSA YATIRIM MENKUL DEĞERLER A.Ş.,4028e4a24184e9e50141981faaf249d3
MEPET,MEPET METRO PETROL VE TESİSLERİ SANAYİ TİCARET A.Ş.,4028e4a1416e696301416ea253f418ae
MERCN,MERCAN KİMYA SANAYİ VE TİCARET A.Ş.,8acae2c4782a4d580178ee32b32864d5
MERIT,MERİT TURİZM YATIRIM VE İŞLETME A.Ş.,4028e4a140f2ed7101412b9f84390347
MERKO,MERKO GIDA SANAYİ VE TİCARET A.Ş.,4028e4a240f2ef4701412bf3fc980553
METRO,METRO TİCARİ VE MALİ YATIRIMLAR HOLDİNG A.Ş.,4028e4a1416e696301416e9a320e1649
MEYSU,MEYSU GIDA SANAYİ VE TİCARET A.Ş.,8acae2c5998f25d7019b59665bd030f1
MGROS,MİGROS TİCARET A.Ş.,4028e4a141462df2014150162e1c3424
MHRGY,MHR GAYRİMENKUL YATIRIM ORTAKLIĞI A.Ş.,8acae2c486d22a3a018b03ad439129a9
MIATK,MİA TEKNOLOJİ A.Ş.,8acae2c47afb298a017cbcef284245ba
MINTF,MİNT FİNANSMAN A.Ş.,8acae2c4998f24d8019a0586000256ef
MMCAS,MMC SANAYİ VE TİCARİ YATIRIMLAR A.Ş.,4028e4a1415f4d99014160040b8e3137
MNDRS,MENDERES TEKSTİL SANAYİ VE TİCARET A.Ş.,4028e4a1422d986e01425bfb19b05165
MNDTR,MONDİ TURKEY OLUKLU MUKAVVA KAĞIT VE AMBALAJ SANAYİ A.Ş.,4028e4a24158e42201415ae7c0875fab
MNGFA,MNG FAKTORİNG A.Ş.,4028e4a141462df201414b08fe4e1287
MOBTL,MOBİLTEL İLETİŞİM HİZMETLERİ SANAYİ VE TİCARET A.Ş.,8acae2c57afb2d70017d12c6d335669c
MOGAN,MOGAN ENERJİ YATIRIM HOLDİNG A.Ş.,8acae2c473646c5e0173e77f33b35138
MOPAS,MOPAŞ MARKETÇİLİK GIDA SANAYİ VE TİCARET A.Ş.,8acae2c49145e00d0194730c9f3e6d30
MPARK,MLP SAĞLIK HİZMETLERİ A.Ş.,4028e4a1462cc5dd01465c9550782baa
MRBAS,MARBAŞ MENKUL DEĞERLER A.Ş.,4028e4a140f2ed7101413af95c8c047c
MRBKF,MERCEDES BENZ KAMYON FİNANSMAN A.Ş.,8acae2c48304fe9c0186986217ed49c5
MRGYO,MARTI GAYRİMENKUL YATIRIM ORTAKLIĞI A.Ş.,4028e4a1415f4d9b0141603d2b414108
MRMAG,MARKA MAĞAZACILIK A.Ş.,4028e4a240f2ef470141166b45c0040d
MRS,MARBAŞ MENKUL DEĞERLER A.Ş.,4028e4a140f2ed7101413af95c8c047c
MRSHL,MARSHALL BOYA VE VERNİK SANAYİİ A.Ş.,4028e4a140f2ed720140f325b12e0172
MSA,MEKSA YATIRIM MENKUL DEĞERLER A.Ş.,4028e4a24184e9e50141981faaf249d3
MSGYO,MİSTRAL GAYRİMENKUL YATIRIM ORTAKLIĞI A.Ş.,8acae2c4540d444501545d374f8d070a
MTRKS,MATRİKS FİNANSAL TEKNOLOJİLER A.Ş.,8acae2c575a1b5b60177de29c7177130
MTRYO,METRO YATIRIM ORTAKLIĞI A.Ş.,4028e4a14158e41f01415b1cecc4619f
MZHLD,MAZHAR ZORLU HOLDİNG A.Ş.,4028e4a24158e42401415adbb0917e5e
NATEN,NATUREL YENİLENEBİLİR ENERJİ TİCARET A.Ş.,8acae2c469cee2a2016bb6c259155c47
NETAS,NETAŞ TELEKOMÜNİKASYON A.Ş.,4028e4a240f2ef47014111d7df220232
NETCD,NETCAD YAZILIM A.Ş.,8acae2c47f7cb492017fd60a82802767
NIBAS,NİĞBAŞ NİĞDE BETON SANAYİ VE TİCARET A.Ş.,4028e4a1413b7ef501413bc24123002f
NRBNK,NUROL YATIRIM BANKASI A.Ş.,4028e4a1415f4d9901416dc894a66313
NTGAZ,NATURELGAZ SANAYİ VE TİCARET A.Ş.,8acae2c4782a4d580178492e12820f4f
NTHOL,NET HOLDİNG A.Ş.,4028e4a140f2ed7101412ba0829f034d
NUGYO,NUROL GAYRİMENKUL YATIRIM ORTAKLIĞI A.Ş.,4028e4a1416e696301416f6100e76fb9
NUHCM,NUH ÇİMENTO SANAYİ A.Ş.,4028e4a141558bdd014156053d9f04b2
NYB,NUROL YATIRIM BANKASI A.Ş.,4028e4a1415f4d9901416dc894a66313
OBAMS,OBA MAKARNACILIK SANAYİ VE TİCARET A.Ş.,8acae2c58b2fa64e018dc01d63686b27
OBASE,OBASE BİLGİSAYAR VE DANIŞMANLIK HİZMETLERİ TİCARET A.Ş.,8acae2c57f7cbb49018050e4303b068b
ODAS,ODAŞ ELEKTRİK ÜRETİM SANAYİ TİCARET A.Ş.,4028e4a2416e696c01416edd70713183
ODINE,ODİNE SOLUTİONS TEKNOLOJİ TİCARET VE SANAYİ A.Ş.,8acae2c58b2fa64e018e1cbdc7e02623
OFSYM,OFİS YEM GIDA SANAYİ TİCARET A.Ş.,8acae2c586d22c510189bf5dfc710286
OMD,OSMANLI YATIRIM MENKUL DEĞERLER A.Ş.,4028e4a240ee37a30140ee408ef80002
ONCSM,ONCOSEM ONKOLOJİK SİSTEMLER SANAYİ VE TİCARET A.Ş.,8acae2c4812b870c018161f7cdde10f3
ONRYT,ONUR YÜKSEK TEKNOLOJİ A.Ş.,8acae2c58b2fa64e018f8540ca5f57d4
OPET,OPET PETROLCÜLÜK A.Ş.,4028e4a240e95dc30140ee34335300e8
ORCAY,ORÇAY ORTAKÖY ÇAY SANAYİ VE TİCARET A.Ş.,8acae2c47afb298b017b5ea1d5ee3d78
ORFIN,ORFİN FİNANSMAN A.Ş.,4028e4a140f2ed7201411780a3bd062e
ORGE,ORGE ENERJİ ELEKTRİK TAAHHÜT A.Ş.,4028e4a140ee35c00140ee3971130009
ORMA,ORMA ORMAN MAHSÜLLERİ İNTEGRE SANAYİ VE TİCARET A.Ş.,4028e4a240ee37a90140ee3cedbb0002
OSMEN,OSMANLI YATIRIM MENKUL DEĞERLER A.Ş.,4028e4a240ee37a30140ee408ef80002
OSTIM,OSTİM ENDÜSTRİYEL YATIRIMLAR VE İŞLETME A.Ş.,4028e4a241462fd8014149e82fb004c5
OSVKS,OSMANLI VARLIK KİRALAMA A.Ş.,8acae2c5998f25d70199f11791bb492a
OTKAR,OTOKAR OTOMOTİV VE SAVUNMA SANAYİ A.Ş.,4028e4a140ee35c70140ee4316b3001d
OTOKC,OTOKOÇ OTOMOTİV TİCARET VE SANAYİ A.Ş.,4028e4a240ee37a90140ee45a0fa0007
OTOSR,OTOSOR OTOMOTİV A.Ş.,8acae2c486d22a3b018b041f67b641d2
OTTO,OTTO HOLDİNG A.Ş.,4028e4a14203278a01420955fc5d14bd
OYA,OYAK YATIRIM MENKUL DEĞERLER A.Ş.,4028e4a14158e41f01415a5e854d4441
OYAKC,OYAK ÇİMENTO FABRİKALARI A.Ş.,4028e4a140f2ed720140f32377aa016c
OYAYO,OYAK YATIRIM ORTAKLIĞI A.Ş.,4028e4a140ee35c70140ee4e93870038
OYLUM,OYLUM SINAİ YATIRIMLAR A.Ş.,4028e4a14184e9cf0141919d8abd1552
OYYAT,OYAK YATIRIM MENKUL DEĞERLER A.Ş.,4028e4a14158e41f01415a5e854d4441
OZATD,ÖZATA DENİZCİLİK SANAYİ VE TİCARET A.Ş.,8acae2c49145e00d019180a20f28221c
OZGYO,ÖZDERİCİ GAYRİMENKUL YATIRIM ORTAKLIĞI A.Ş.,4028e4a140ee35c70140ee582a75003c
OZKGY,ÖZAK GAYRİMENKUL YATIRIM ORTAKLIĞI A.Ş.,4028e4a140f2ed720141079632d0024f
OZRDN,ÖZERDEN AMBALAJ SANAYİ A.Ş.,1DE05DAA82D2073AE0530A4A622A2EBD
OZSUB,ÖZSU BALIK ÜRETİM A.Ş.,8acae2c465a51c380166776d73784fba
OZYSR,ÖZYAŞAR TEL VE GALVANİZLEME SANAYİ A.Ş.,8acae2c58b2fa64e018f853cd37d57cf
PAGYO,PANORA GAYRİMENKUL YATIRIM ORTAKLIĞI A.Ş.,4028e4a240f2ef4c014134d6641f062a
PAHOL,PASİFİK HOLDİNG A.Ş.,8acae2c4998f24d8019a5ffde32b0e5a
PAMEL,PAMEL YENİLENEBİLİR ELEKTRİK ÜRETİM A.Ş.,4028e4a246b4c5a90147f8ed32b0722f
PAPIL,PAPİLON SAVUNMA TEKNOLOJİ VE TİCARET A.Ş.,8acae2c46e7fdc6a016e93286c5304b5
PARSN,PARSAN MAKİNA PARÇALARI SANAYİİ A.Ş.,4028e4a140ee84900140f1ecef250011
PASEU,PASİFİK EURASİA LOJİSTİK DIŞ TİCARET A.Ş.,8acae2c586d22c5101887ae575873835
PATEK,PASİFİK TEKNOLOJİ A.Ş.,8acae2c58b2fa64e018d63b9afbd4e6c
PBT,PASHA YATIRIM BANKASI A.Ş.,4028e4a14184e9c9014192aa6c1c1e03
PBTR,PASHA YATIRIM BANKASI A.Ş.,4028e4a14184e9c9014192aa6c1c1e03
PCILT,PC İLETİŞİM VE MEDYA HİZMETLERİ SANAYİ TİCARET A.Ş.,8acae2c5782a4e6d017844c378070abd
PEKGY,PEKER GAYRİMENKUL YATIRIM ORTAKLIĞI A.Ş.,8acae2c55fc6011001617acbeb1b48da
PENGD,PENGUEN GIDA SANAYİ A.Ş.,4028e4a246b4c5a9014836bd56174fe9
PENTA,PENTA TEKNOLOJİ ÜRÜNLERİ DAĞITIM TİCARET A.Ş.,4028e4a14184e9c9014198033c094251
PETKM,PETKİM PETROKİMYA HOLDİNG A.Ş.,4028e4a240f2ef470141165c566a03e4
PETUN,PINAR ENTEGRE ET VE UN SANAYİİ A.Ş.,4028e4a240ee866c0140f1f7b3990027
PGSUS,PEGASUS HAVA TAŞIMACILIĞI A.Ş.,4028e4a2422d9a78014232e751bc22a4
PINSU,PINAR SU VE İÇECEK SANAYİ VE TİCARET A.Ş.,4028e4a240ee866c0140f1f8c01a003e
PKART,PLASTİKKART AKILLI KART İLETİŞİM SİSTEMLERİ SANAYİ VE TİCARET A.Ş.,4028e4a24184e9e501419d8dd26e7538
PKENT,PETROKENT TURİZM A.Ş.,4028e4a140f2ed72014106c1df9a021f
PLTUR,PLATFORM TURİZM TAŞIMACILIK GIDA İNŞAAT TEMİZLİK HİZMETLERİ SANAYİ VE TİCARET A.Ş.,4028e4a2422d9a7801427038d3fc1e11
PNLSN,PANELSAN ÇATI CEPHE SİSTEMLERİ SANAYİ VE TİCARET A.Ş.,8acae2c47d3bee50017db95876e6220e
PNSUT,PINAR SÜT MAMÜLLERİ SANAYİİ A.Ş.,4028e4a240ee866c0140f1f97e530042
POLHO,POLİSAN HOLDİNG A.Ş.,4028e4a241733d4a01417414a27127d7
POLTK,POLİTEKNİK METAL SANAYİ VE TİCARET A.Ş.,4028e4a246b4c5a90147fcd473d37f85
PRDGS,PARDUS GİRİŞİM SERMAYESİ YATIRIM ORTAKLIĞI A.Ş.,8acae2c57afb2d71017bceb97170639d
PRFFK,PARAFİNANS FAKTORİNG A.Ş.,8acae2c562329bd101633aecee66085d
PRKAB,TÜRK PRYSMİAN KABLO VE SİSTEMLERİ A.Ş.,4028e4a240f2ef470141167b777b0437
PRKME,PARK ELEKTRİK ÜRETİM MADENCİLİK SANAYİ VE TİCARET A.Ş.,4028e4a141da49ea0141e45622e54843
PRZMA,PRİZMA PRES MATBAACILIK YAYINCILIK SANAYİ VE TİCARET A.Ş.,4028e4a2415f4f8401415ff644c5341c
PSDTC,PERGAMON STATUS DIŞ TİCARET A.Ş.,1DE05DAA8399073AE0530A4A622A2EBD
PSGYO,PASİFİK GAYRİMENKUL YATIRIM ORTAKLIĞI A.Ş.,8acae2c4794d364a017a51e9e5d256c9
QFINF,Q FİNANS FAKTORİNG A.Ş.,8acae2c575a1b5b60177156c205e0c31
QNBFF,QNB FAKTORİNG A.Ş.,4028e4a140e95be70140edf441e100cc
QNBFK,QNB FİNANSAL KİRALAMA A.Ş.,4028e4a140f2ed7201410821418e027d
QNBTR,QNB BANK A.Ş.,4028e4a240e95dc90140ee076f400178
QNBVK,QNB VARLIK KİRALAMA A.Ş.,8acae2c468aeffb70169914527d01563
QUAGR,QUA GRANITE HAYAL YAPI VE ÜRÜNLERİ SANAYİ TİCARET A.Ş.,8acae2c469cee2a4016b1c1dc11f2b03
QUFIN,QUICK FİNANSMAN A.Ş.,8acae2c480e910340181144dafd90e8d
QYATB,Q YATIRIM BANKASI A.Ş.,8acae2c58b2fa64e019103ccd8093825
QYHOL,Q YATIRIM HOLDİNG A.Ş.,8acae2c582b7eb070182f3043ec810b9
RALYH,RAL YATIRIM HOLDİNG A.Ş.,4028e4a240f2ef4c0141029be169015f
RAYSG,RAY SİGORTA A.Ş.,4028e4a241733d4201417ddf67f8288c
REEDR,REEDER TEKNOLOJİ SANAYİ VE TİCARET A.Ş.,8acae2c586d22c53018a73739d9104a8
RGYAS,RÖNESANS GAYRİMENKUL YATIRIM A.Ş.,4028e4a241b612d80141d9a52e2a2727
RNPOL,RAİNBOW POLİKARBONAT SANAYİ TİCARET A.Ş.,8acae2c47afb298b017bcfa8c4e96550
RODRG,RODRİGO TEKSTİL SANAYİ VE TİCARET A.Ş.,4028e4a241e538ab0141ef77414543c5
ROYAL,ROYAL HALI İPLİK TEKSTİL MOBİLYA SANAYİ VE TİCARET A.Ş.,4028e4a2416e696c01416f75fb677481
RTALB,RTA LABORATUVARLARI BİYOLOJİK ÜRÜNLER İLAÇ VE MAKİNE SANAYİ TİCARET A.Ş.,4028e4a2486ec9ba0148c19eb7eb1933
RUBNS,RUBENİS TEKSTİL SANAYİ TİCARET A.Ş.,8acae2c47d3bee50017d8f777c171313
RUZYE,RUZY MADENCİLİK VE ENERJİ YATIRIMLARI SANAYİ VE TİCARET A.Ş.,4028e4a14158e41f01415a8ea74c4fbe
RYGYO,REYSAŞ GAYRİMENKUL YATIRIM ORTAKLIĞI A.Ş.,4028e4a140ee847b0140f20278c00023
RYSAS,REYSAŞ TAŞIMACILIK VE LOJİSTİK TİCARET A.Ş.,4028e4a140ee847b0140f203980d0030
SAFKR,SAFKAR EGE SOĞUTMACILIK KLİMA SOĞUK HAVA TESİSLERİ İHRACAT İTHALAT SANAYİ VE TİCARET A.Ş.,8acae2c55fc6011101602fcafb57255a
SAHOL,HACI ÖMER SABANCI HOLDİNG A.Ş.,4028e4a240ee37a90140ee50087e000b
SAMAT,SARAY MATBAACILIK KAĞITÇILIK KIRTASİYECİLİK TİCARET VE SANAYİ A.Ş.,4028e4a1415f4d9b01415fde1bcc2fce
SANEL,SAN-EL MÜHENDİSLİK ELEKTRİK TAAHHÜT SANAYİ VE TİCARET A.Ş.,4028e4a143371eea0143532e82ac510b
SANFM,SANİFOAM ENDÜSTRİ VE TÜKETİM ÜRÜNLERİ SANAYİ TİCARET A.Ş.,4028e4a141733b560141741ee61b25bd
SANKO,SANKO PAZARLAMA İTHALAT İHRACAT A.Ş.,4028e4a242140a92014223b5b91333e8
SARKY,SARKUYSAN ELEKTROLİTİK BAKIR SANAYİ VE TİCARET A.Ş.,4028e4a140f2ed7101410294f924012d
SARTN,SARTEN AMBALAJ SANAYİ VE TİCARET A.Ş.,4028e4a1413b7ef5014144f0375b00cf
SASA,SASA POLYESTER SANAYİ A.Ş.,4028e4a240ee866c0140f20abd9500cc
SAYAS,SAY YENİLENEBİLİR ENERJİ EKİPMANLARI SANAYİ VE TİCARET A.Ş.,4028e4a1415f4d9901416000c2de30f0
SDTTR,SDT UZAY VE SAVUNMA TEKNOLOJİLERİ A.Ş.,8acae2c48304fe9e0183ac70038e4941
SEGMN,SEĞMEN KARDEŞLER GIDA ÜRETİM VE AMBALAJ SANAYİ A.Ş.,8acae2c48c3efabf019017378c962a6d
SEGYO,ŞEKER GAYRİMENKUL YATIRIM ORTAKLIĞI A.Ş.,8acae2c56faf888c01718864329b7097
SEK,ŞEKERBANK T.A.Ş.,4028e4a240f2ef4c01412adc8fba04ee
SEKFK,ŞEKER FİNANSAL KİRALAMA A.Ş.,4028e4a141e536460141e92af0291568
SEKUR,SEKURO PLASTİK AMBALAJ SANAYİ A.Ş.,1DE05DAA83C4073AE0530A4A622A2EBD
SELEC,SELÇUK ECZA DEPOSU TİCARET VE SANAYİ A.Ş.,4028e4a2416e697d01416ec00e101dce
SELVA,SELVA GIDA SANAYİ A.Ş.,8acae2c5794d3d6a0179fb3f31d744cd
SERNT,SERANİT GRANİT SERAMİK SANAYİ VE TİCARET A.Ş.,8acae2c49145e00b019497929176199a
SEYKM,SEYİTLER KİMYA SANAYİ A.Ş.,402821824da3aa97014f16c428d14bcf
SILVR,SİLVERLİNE ENDÜSTRİ VE TİCARET A.Ş.,4028e4a243dd5e8f01440734fd5613db
SISE,TÜRKİYE ŞİŞE VE CAM FABRİKALARI A.Ş.,4028e4a140f2ed710140f385d5690102
SKBNK,ŞEKERBANK T.A.Ş.,4028e4a240f2ef4c01412adc8fba04ee
SKTAS,SÖKTAŞ TEKSTİL SANAYİ VE TİCARET A.Ş.,4028e4a140f275530140f27bc043017d
SKY,ŞEKER YATIRIM MENKUL DEĞERLER A.Ş.,4028e4a241a25fcb0141a7c4a064241c
SKYLP,SKYALP FİNANSAL TEKNOLOJİLER VE DANIŞMANLIK A.Ş.,4028e4a1415f4d9b01415ff295793adc
SKYMD,ŞEKER YATIRIM MENKUL DEĞERLER A.Ş.,4028e4a241a25fcb0141a7c4a064241c
SMART,SMARTİKS YAZILIM A.Ş.,8acae2c569cee403016a6d8db5035804
SMRFA,SÜMER FAKTORİNG A.Ş.,4028e4a144a0804f01459354f547295d
SMRTG,SMART GÜNEŞ ENERJİSİ TEKNOLOJİLERİ ARAŞTIRMA GELİŞTİRME ÜRETİM SANAYİ VE TİCARET A.Ş.,8acae2c47d3bee4e017f49ce882e7b01
SMRVA,SÜMER VARLIK YÖNETİM A.Ş.,402821814da3a99c014eb57bdd604a6f
SNGYO,SİNPAŞ GAYRİMENKUL YATIRIM ORTAKLIĞI A.Ş.,4028e4a14184e9cf01419c0168dd5a87
SNICA,SANİCA ISI SANAYİ A.Ş.,8acae2c5830502c20183cb8491655a67
SNPAM,SÖNMEZ PAMUKLU SANAYİİ A.Ş.,4028e4a240f2ef4c01412ad919a504dd
SODSN,SODAŞ SODYUM SANAYİİ A.Ş.,4028e4a140f2ed7201412ad04fdc071d
SOKE,SÖKE DEĞİRMENCİLİK SANAYİ VE TİCARET A.Ş.,8acae2c552495f640152d616d67a0b95
SOKM,ŞOK MARKETLER TİCARET A.Ş.,4028e4a14184e9c9014198095f4442bf
SONME,SÖNMEZ FİLAMENT SENTETİK İPLİK VE ELYAF SANAYİ A.Ş.,4028e4a240f2ef4c01412ad6196104d2
SRVGY,SERVET GAYRİMENKUL YATIRIM ORTAKLIĞI A.Ş.,4028e4a1416e696501416f80a3377c4b
SUMAS,SUMAŞ SUNİ TAHTA VE MOBİLYA SANAYİİ A.Ş.,4028e4a141e536460141ea4aa4271f3b
SUNTK,SUN TEKSTİL SANAYİ VE TİCARET A.Ş.,8acae2c47f7cb4920180234f4d1064b4
SURGY,SUR TATİL EVLERİ GAYRİMENKUL YATIRIM ORTAKLIĞI A.Ş.,8acae2c48b2fa25a018c33a0808a03b0
SUWEN,SUWEN TEKSTİL SANAYİ PAZARLAMA A.Ş.,8acae2c47902e75601792308abd41e4a
SZUKI,SUZUKİ MOTORLU ARAÇLAR PAZARLAMA A.Ş.,8acae2c465a51c38016643c975543b2f
TABGD,TAB GIDA SANAYİ VE TİCARET A.Ş.,4028e4a141e536460141e5aa84740938
TAC,TACİRLER YATIRIM MENKUL DEĞERLER A.Ş.,4028e4a14184e9cf01419c00c2a65a7e
TAMFA,TAM FİNANS FAKTORİNG A.Ş.,4028e4a241da4bed0141dfd84e062851
TARKM,TARKİM BİTKİ KORUMA SANAYİ VE TİCARET A.Ş.,8acae2c56eccfc0c016fae44264f6323
TATEN,TATLIPINAR ENERJİ ÜRETİM A.Ş.,8acae2c586d22c510189bf5827490281
TATGD,TAT GIDA SANAYİ A.Ş.,4028e4a140f2ed720140f31089aa010a
TAVHL,TAV HAVALİMANLARI HOLDİNG A.Ş.,4028e4a140f2ed720140f31195ef010e
TBORG,TÜRK TUBORG BİRA VE MALT SANAYİİ A.Ş.,4028e4a140f2ed720140f37b033601b2
TCELL,TURKCELL İLETİŞİM HİZMETLERİ A.Ş.,4028e4a1486ec80a0148c55510d71d31
TCKRC,KIRAÇ GALVANİZ TELEKOMİNİKASYON METAL MAKİNE İNŞAAT ELEKTRİK SANAYİ VE TİCARET A.Ş.,8acae2c48c3efac0019137973fd07e5e
TCRYT,TACİRLER YATIRIM MENKUL DEĞERLER A.Ş.,4028e4a14184e9cf01419c00c2a65a7e
TDGYO,TREND GAYRİMENKUL YATIRIM ORTAKLIĞI A.Ş.,8acae2c45fc5ff9d01613299f17a2065
TEBFA,TEB FAKTORİNG A.Ş.,4028e4a241462fd801414f9ef4b3377b
TEHOL,TERA YATIRIM TEKNOLOJİ HOLDİNG A.Ş.,4028e4a240ee866c0140f1f6699e0018
TEKTU,TEK-ART İNŞAAT TİCARET TURİZM SANAYİ VE YATIRIMLAR A.Ş.,4028e4a1416e696301416effc1a04330
TERA,TERA YATIRIM MENKUL DEĞERLER A.Ş.,4028e4a141733b56014178115f7e51e7
TEVKS,TERA VARLIK KİRALAMA A.Ş.,8acae2c49b85f8cf019c2d1ef34e1606
TEZOL,EUROPAP TEZOL KAĞIT SANAYİ VE TİCARET A.Ş.,8acae2c468aeffb7016949376d695d6c
TFNVK,TF VARLIK KİRALAMA A.Ş.,4028e4a240f2ef4c01413b17046806f6
TGB,TÜRKİYE GARANTİ BANKASI A.Ş.,4028e4a140f2ed720140f37cb2a601b7
TGSAS,TGS DIŞ TİCARET A.Ş.,4028e4a140f2ed710140f3255bea009c
THL,TÜRKİYE HALK BANKASI A.Ş.,1DE05DAA82C3073AE0530A4A622A2EBD
THR,TÜRKİYE İHRACAT KREDİ BANKASI A.Ş.,1DE05DAA8430073AE0530A4A622A2EBD
THYAO,TÜRK HAVA YOLLARI A.O.,4028e4a140f2ed720140f376bebb01a7
TIB,TÜRKİYE İŞ BANKASI A.Ş.,4028e4a140f2ed7201411682b0cb05c6
TIMUR,TİMUR GAYRİMENKUL GELİŞTİRME YAPI VE YATIRIM A.Ş.,1DE05DAA8407073AE0530A4A622A2EBD
TKFEN,TEKFEN HOLDİNG A.Ş.,4028e4a140f2ed720140f31367840112
TKNSA,TEKNOSA İÇ VE DIŞ TİCARET A.Ş.,4028e4a240f2ef470140f31ac6aa006f
TLMAN,TRABZON LİMAN İŞLETMECİLİĞİ A.Ş.,8acae2c45fc5ff9d0160e9391f3b05a4
TMPOL,TEMAPOL POLİMER PLASTİK VE İNŞAAT SANAYİ TİCARET A.Ş.,4028e4a246b4c5ad0148319a4a87518f
TMSN,TÜMOSAN MOTOR VE TRAKTÖR SANAYİ A.Ş.,4028e4a141e536460141e53904b50025
TNZTP,TAPDİ OKSİJEN ÖZEL SAĞLIK VE EĞİTİM HİZMETLERİ SANAYİ TİCARET A.Ş.,8acae2c575a1b5b601773e8cc29d0b24
TOASO,TOFAŞ TÜRK OTOMOBİL FABRİKASI A.Ş.,4028e4a140f2ed710140f328bed700a5
TRA,TERA YATIRIM MENKUL DEĞERLER A.Ş.,4028e4a141733b56014178115f7e51e7
TRALT,TÜRK ALTIN İŞLETMELERİ A.Ş.,4028e4a2422d9a6e0142bd91d3687a69
TRCAS,TURCAS HOLDİNG A.Ş.,4028e4a1415f4d9b01416005c65d3d53
TRENJ,TR DOĞAL ENERJİ KAYNAKLARI ARAŞTIRMA VE ÜRETİM A.Ş.,4028e4a2422d9a6e0142bd9255a37a70
TRGYO,TORUNLAR GAYRİMENKUL YATIRIM ORTAKLIĞI A.Ş.,4028e4a1413b7ef5014144f83882011f
TRHOL,TERA FİNANSAL YATIRIMLAR HOLDİNG A.Ş.,4028e4a140f2ed7101411163985a021e
TRILC,TURK İLAÇ VE SERUM SANAYİ A.Ş.,8acae2c575a1b5b601773ec6c0030b66
TRKFN,TURK FİNANSMAN A.Ş.,8acae2c46d7599a6016d873a5f860360
TRKNT,TURKNET İLETİŞİM HİZMETLERİ A.Ş.,8acae2c469cee2a4016a77942be766cf
TRMET,TR ANADOLU METAL MADENCİLİK İŞLETMELERİ A.Ş.,4028e4a2422d9a6e0142bd921d307a6d
TRYKI,TİRYAKİ AGRO GIDA SANAYİ VE TİCARET A.Ş.,1DE05DAA8408073AE0530A4A622A2EBD
TSGYO,TSKB GAYRİMENKUL YATIRIM ORTAKLIĞI A.Ş.,4028e4a240f2ef470140f37174c600a7
TSK,TÜRKİYE SINAİ KALKINMA BANKASI A.Ş.,4028e4a140f2ed710140f3831c6300fd
TSKB,TÜRKİYE SINAİ KALKINMA BANKASI A.Ş.,4028e4a140f2ed710140f3831c6300fd
TSPOR,TRABZONSPOR SPORTİF YATIRIM VE FUTBOL İŞLETMECİLİĞİ TİCARET A.Ş.,4028e4a141da49e50141e0852f272b80
TTKOM,TÜRK TELEKOMÜNİKASYON A.Ş.,4028e4a241e538ab0141ea9c96912c8b
TTRAK,TÜRK TRAKTÖR VE ZİRAAT MAKİNELERİ A.Ş.,4028e4a140f2ed720140f3790d6a01ad
TUCLK,TUĞÇELİK ALÜMİNYUM VE METAL MAMÜLLERİ SANAYİ VE TİCARET A.Ş.,4028e4a146b4c4110147f3bb4e795ce5
TUKAS,TUKAŞ GIDA SANAYİ VE TİCARET A.Ş.,4028e4a240f2ef470140f373b77f00ac
TUPRS,TÜPRAŞ-TÜRKİYE PETROL RAFİNERİLERİ A.Ş.,4028e4a140f2ed720140f37f139c01bc
TUREX,TUREKS TURİZM TAŞIMACILIK A.Ş.,402821824bf524dd014d7babc2134829
TURGG,TÜRKER PROJE GAYRİMENKUL VE YATIRIM GELİŞTİRME A.Ş.,4028e4a140f2ed720140f3440383018e
TURSG,TÜRKİYE SİGORTA A.Ş.,4028e4a140e95be70140ee2f466d0159
TV8TV,TV8 TV YAYINCILIK A.Ş.,4028e4a1415f4d9b014160385b35407b
TVB,TÜRKİYE VAKIFLAR BANKASI T.A.O.,4028e4a1415f4d9b01415fe3340f36e4
UCAYM,ÜÇAY MÜHENDİSLİK ENERJİ VE İKLİMLENDİRME TEKNOLOJİLERİ A.Ş.,8acae2c49b85f8ce019ba3efeb403292
UFUK,UFUK YATIRIM YÖNETİM VE GAYRİMENKUL A.Ş.,4028e4a24158e42201415afe28e760a4
ULAS,ULAŞLAR TURİZM ENERJİ TARIM GIDA VE İNŞAAT YATIRIMLARI A.Ş.,4028e4a240f2ef4c0140f38adfa1008d
ULKER,ÜLKER BİSKÜVİ SANAYİ A.Ş.,4028e4a14184e9c901419801438a422b
ULUFA,ULUSAL FAKTORİNG A.Ş.,4028e4a1416e696301416f321c3d5ca7
ULUSE,ULUSOY ELEKTRİK İMALAT TAAHHÜT VE TİCARET A.Ş.,4028e4a24a069620014a341cfac83419
ULUUN,ULUSOY UN SANAYİ VE TİCARET A.Ş.,4028e4a14371e09d0143c4d925022442
UMPAS,UMPAŞ HOLDİNG A.Ş.,4028e4a240f2ef4c0140f38be24f0091
UNLU,ÜNLÜ YATIRIM HOLDİNG A.Ş.,4028e4a24bcf2bca014be9def2a47203
USAK,UŞAK SERAMİK SANAYİ A.Ş.,1DE05DAA843E073AE0530A4A622A2EBD
VAKBN,TÜRKİYE VAKIFLAR BANKASI T.A.O.,4028e4a1415f4d9b01415fe3340f36e4
VAKFA,VAKIF FAKTORİNG A.Ş.,4028e4a2422d9a7801426b0fb4db037d
VAKFN,VAKIF FİNANSAL KİRALAMA A.Ş.,4028e4a241462fd801414fa81cce2e75
VAKKO,VAKKO TEKSTİL VE HAZIR GİYİM SANAYİ İŞLETMELERİ A.Ş.,4028e4a2422d9a6e014251b075f0227f
VAKVK,VAKIF VARLIK KİRALAMA A.Ş.,8acae2c45835eb6501589126775520fb
VANGD,VANET GIDA SANAYİ İÇ VE DIŞ TİCARET A.Ş.,4028e4a1416e696301416ecfa3fb2ca4
VBTYZ,VBT YAZILIM A.Ş.,8acae2c4794d3648017a420bdd4c4fa3
VDFAS,VOLKSWAGEN DOĞUŞ FİNANSMAN A.Ş.,4028e4a24371e0a20143914bc74c6e5b
VDFLO,VDF FİLO KİRALAMA A.Ş.,8acae2c56faf888c0171e54394012909
VERTU,VERUSATURK GİRİŞİM SERMAYESİ YATIRIM ORTAKLIĞI A.Ş.,4028e4a2420327a4014209c59cc91457
VERUS,VERUSA HOLDİNG A.Ş.,4028e4a2422d9a78014275ba7f133b05
VESBE,VESTEL BEYAZ EŞYA SANAYİ VE TİCARET A.Ş.,4028e4a140f2ed7201412c223c9707e6
VESTL,VESTEL ELEKTRONİK SANAYİ VE TİCARET A.Ş.,4028e4a140f2ed7201412c2000c507db
VKFYO,VAKIF MENKUL KIYMET YATIRIM ORTAKLIĞI A.Ş.,4028e4a241462fd801414fa6227c2e62
VKGYO,VAKIF GAYRİMENKUL YATIRIM ORTAKLIĞI A.Ş.,4028e4a140f2ed72014101a0d3b501f7
VKING,VİKİNG KAĞIT VE SELÜLOZ A.Ş.,4028e4a140f2ed72014101a2d00a01fe
VRGYO,VERA KONSEPT GAYRİMENKUL YATIRIM ORTAKLIĞI A.Ş.,8acae2c486d22a3a018b27e15c37493e
VSNMD,VİŞNE MADENCİLİK ÜRETİM SANAYİ VE TİCARET A.Ş.,8acae2c59145e00e01949893374b244d
YAPRK,YAPRAK SÜT VE BESİ ÇİFTLİKLERİ SANAYİ VE TİCARET A.Ş.,4028e4a1416e696501416eec8e443d62
YAT,YATIRIM FİNANSMAN MENKUL DEĞERLER A.Ş.,4028e4a140f2ed72014101ad44740202
YATAS,YATAŞ YATAK VE YORGAN SANAYİ TİCARET A.Ş.,4028e4a140f2ed72014106c48768022e
YAYLA,YAYLA ENERJİ ÜRETİM TURİZM VE İNŞAAT TİCARET A.Ş.,4028e4a1486ec80b0148c539d6721829
YBQ,Q YATIRIM BANKASI A.Ş.,8acae2c58b2fa64e019103ccd8093825
YBTAS,YİBİTAŞ YOZGAT İŞÇİ BİRLİĞİ İNŞAAT MALZEMELERİ TİCARET VE SANAYİ A.Ş.,4028e4a2416f888d01416f94bfb001ec
YEOTK,YEO TEKNOLOJİ ENERJİ VE ENDÜSTRİ A.Ş.,4028e4a140f2ed7101413af3da8c0440
YESIL,YEŞİL YATIRIM HOLDİNG A.Ş.,4028e4a2416e696c01416edc458b30f0
YFMEN,YATIRIM FİNANSMAN MENKUL DEĞERLER A.Ş.,4028e4a140f2ed72014101ad44740202
YGGYO,YENİ GİMAT GAYRİMENKUL YATIRIM ORTAKLIĞI A.Ş.,4028e4a241733d4201417cda3f421321
YGYO,YEŞİL GAYRİMENKUL YATIRIM ORTAKLIĞI A.Ş.,4028e4a141558bdd0141560fb3fb051a
YIGIT,YİĞİT AKÜ MALZEMELERİ NAKLİYAT TURİZM İNŞAAT SANAYİ VE TİCARET A.Ş.,8acae2c48c3efac0018fabe5e40b5043
YKB,YAPI VE KREDİ BANKASI A.Ş.,4028e4a240f2ef4c01412ae6d6630538
YKBNK,YAPI VE KREDİ BANKASI A.Ş.,4028e4a240f2ef4c01412ae6d6630538
YKFIN,YAPI KREDİ FİNANSAL KİRALAMA A.O.,4028e4a1413b7ef401414503a8c00095
YKFKT,YAPI KREDİ FAKTORİNG A.Ş.,4028e4a240f2ef47014117688e9e04a6
YKR,YAPI KREDİ YATIRIM MENKUL DEĞERLER A.Ş.,4028e4a240f2ef4c01412ae47c99052d
YKSLN,YÜKSELEN ÇELİK A.Ş.,8acae2c569cee403016a6e925a8b5bd8
YKYAT,YAPI KREDİ YATIRIM MENKUL DEĞERLER A.Ş.,4028e4a240f2ef4c01412ae47c99052d
YONGA,YONGA MOBİLYA SANAYİ VE TİCARET A.Ş.,4028e4a24158e42201415b0fde196300
YUNSA,YÜNSA YÜNLÜ SANAYİ VE TİCARET A.Ş.,4028e4a240f2ef4c014101b726fa011d
YYAPI,YEŞİL YAPI ENDÜSTRİSİ A.Ş.,4028e4a1416e696301416f35f8425ec3
YYLGD,YAYLA AGRO GIDA SANAYİ VE TİCARET A.Ş.,4028e4a2420a2daf014213d4625d3edc
ZEDUR,ZEDUR ENERJİ ELEKTRİK ÜRETİM A.Ş.,4028e4a240f2ef470141164fd5f803a1
ZERGY,ZERAY GAYRİMENKUL YATIRIM ORTAKLIĞI A.Ş.,8acae2c5998f25d7019aed48b7597a50
ZGYO,Z GAYRİMENKUL YATIRIM ORTAKLIĞI A.Ş.,8acae2c5998f25d7019b732d4d683a5c
ZKBVK,ZİRAAT KATILIM VARLIK KİRALAMA A.Ş.,8acae2c5540d442c0154a032b7740b6f
ZKBVR,ZKB VARLIK KİRALAMA A.Ş.,8acae2c465a51c3b01672b4d7dd02796
ZOREN,ZORLU ENERJİ ELEKTRİK ÜRETİM A.Ş.,4028e4a140f2ed7201412c19687407a7
ZRGYO,ZİRAAT GAYRİMENKUL YATIRIM ORTAKLIĞI A.Ş.,8acae2c45835eb660158bfedd32d3332
